name,description,priceRange,latitude,longitude,imgPath,phone,website,facility,type,address,province,district,subDistrict,province_code,district_code,sub_district_code,score,ratingCount
Day & Night of Phuket,,฿80.00 – ฿999.00,7.885968,98.391045,"['https://dynamic-media-cdn.tripadvisor.com/media/photo-o/22/42/a6/46/day-night-of-phuket-life.jpg?w=500&h=-1&s=1', 'https://dynamic-media-cdn.tripadvisor.com/media/photo-o/22/42/a7/bc/day-night-of-phuket-life.jpg?w=500&h=-1&s=1', 'https://dynamic-media-cdn.tripadvisor.com/media/photo-o/22/42/a7/b4/day-night-of-phuket-life.jpg?w=500&h=-1&s=1', 'https://dynamic-media-cdn.tripadvisor.com/media/photo-o/22/42/a6/1a/day-night-of-phuket-life.jpg?w=500&h=-1&s=1', 'https://dynamic-media-cdn.tripadvisor.com/media/photo-o/22/42/a5/c4/day-night-of-phuket-life.jpg?w=500&h=-1&s=1', 'https://dynamic-media-cdn.tripadvisor.com/media/photo-o/22/42/a5/bd/day-night-of-phuket-life.jpg?w=500&h=-1&s=1', 'https://dynamic-media-cdn.tripadvisor.com/media/photo-o/22/42/a5/d9/day-night-of-phuket-life.jpg?w=500&h=-1&s=1', 'https://dynamic-media-cdn.tripadvisor.com/media/photo-o/22/42/a5/e7/day-night-of-phuket-life.jpg?w=500&h=-1&s=1', 'https://dynamic-media-cdn.tripadvisor.com/media/photo-o/22/42/9d/71/day-night-of-phuket-life.jpg?w=500&h=-1&s=1', 'https://dynamic-media-cdn.tripadvisor.com/media/photo-o/22/42/9e/4b/day-night-of-phuket-life.jpg?w=500&h=-1&s=1', 'https://dynamic-media-cdn.tripadvisor.com/media/photo-o/1b/d1/fb/a9/getlstd-property-photo.jpg?w=500&h=-1&s=1', 'https://dynamic-media-cdn.tripadvisor.com/media/photo-o/1b/e8/51/17/day-night-of-phuket.jpg?w=500&h=-1&s=1', 'https://dynamic-media-cdn.tripadvisor.com/media/photo-o/1b/e8/51/40/day-night-of-phuket.jpg?w=500&h=-1&s=1', 'https://dynamic-media-cdn.tripadvisor.com/media/photo-o/1b/e8/51/25/day-night-of-phuket.jpg?w=500&h=-1&s=1', 'https://dynamic-media-cdn.tripadvisor.com/media/photo-o/1b/e8/51/27/day-night-of-phuket.jpg?w=500&h=-1&s=1']",+66 76 219 788,https://th.tripadvisor.com/Restaurant_Review-g2315818-d21238792-Reviews-Day_Night_of_Phuket-Talat_Yai_Phuket_Town_Phuket.html,"['การจอง', 'การรับประทานอาหารแบบส่วนตัว', 'ที่นั่ง', 'ที่นั่งกลางแจ้ง', 'บริการเครื่องดื่มแอลกอฮอล์', 'บริการเสิร์ฟถึงโต๊ะ', 'บาร์เต็มรูปแบบ', 'มีที่จอดรถ', 'รับบัตรเครดิต']","['ซิซิลี', 'บาร์', 'ยุโรป', 'สเต๊กเฮาส์', 'อิตาลีทางตอนใต้', 'เอเชีย', 'ไทย']","1 / 5 Dibuk Rd., ตลาดใหญ่, เมืองภูเก็ต, จังหวัดภูเก็ต 83000 ไทย",ภูเก็ต,เมืองภูเก็ต,,83,8301,0,5.0,921
เดอะ เต๊นท์,,฿89.00 – ฿299.00,7.885026,98.390854,"['https://dynamic-media-cdn.tripadvisor.com/media/photo-o/1b/83/e7/59/avocado-on-white-toast.jpg?w=500&h=-1&s=1', 'https://dynamic-media-cdn.tripadvisor.com/media/photo-o/1b/83/e7/c6/the-tent-phuket.jpg?w=500&h=-1&s=1', 'https://dynamic-media-cdn.tripadvisor.com/media/photo-o/0d/8d/a4/ca/getlstd-property-photo.jpg?w=500&h=-1&s=1', 'https://dynamic-media-cdn.tripadvisor.com/media/photo-o/26/4f/96/10/great-breakfast.jpg?w=500&h=-1&s=1', 'https://dynamic-media-cdn.tripadvisor.com/media/photo-o/26/4f/98/d6/all-good-and-yummy.jpg?w=500&h=-1&s=1', 'https://dynamic-media-cdn.tripadvisor.com/media/photo-o/26/89/89/df/eggs-benedict.jpg?w=500&h=-1&s=1', 'https://dynamic-media-cdn.tripadvisor.com/media/photo-o/26/4f/9b/2c/great-and-yummy.jpg?w=500&h=-1&s=1', 'https://dynamic-media-cdn.tripadvisor.com/media/photo-o/26/4f/95/2d/great-breakfast.jpg?w=500&h=-1&s=1', 'https://dynamic-media-cdn.tripadvisor.com/media/photo-o/26/4f/8a/48/the-best-seller.jpg?w=500&h=-1&s=1', 'https://dynamic-media-cdn.tripadvisor.com/media/photo-o/26/4f/84/4a/fluffy-banana-pancakes.jpg?w=500&h=-1&s=1', 'https://dynamic-media-cdn.tripadvisor.com/media/photo-o/26/4f/83/bb/passion-fruit-soda.jpg?w=500&h=-1&s=1', 'https://dynamic-media-cdn.tripadvisor.com/media/photo-o/26/4f/82/ce/in-the-teepee.jpg?w=500&h=-1&s=1', 'https://dynamic-media-cdn.tripadvisor.com/media/photo-o/26/4f/6a/7b/smoothie-bowl.jpg?w=500&h=-1&s=1', 'https://dynamic-media-cdn.tripadvisor.com/media/photo-o/26/4f/6a/77/relaxing.jpg?w=500&h=-1&s=1', 'https://dynamic-media-cdn.tripadvisor.com/media/photo-o/26/4f/6a/6c/eggs-benedict-avocado.jpg?w=500&h=-1&s=1']",+66 76 217 775,https://th.tripadvisor.com/Restaurant_Review-g1215781-d11810229-Reviews-The_Tent-Phuket_Town_Phuket.html,"['การจอง', 'ที่นั่ง', 'บริการเสิร์ฟถึงโต๊ะ', 'สะดวกสำหรับผู้ใช้รถเข็น']","['นานาชาติ', 'ร้านกาแฟ', 'เอเชีย']","ถ.เทพกษัตรี่ Thalang-TaewNum intersection, เมืองภูเก็ต, จังหวัดภูเก็ต 83000 ไทย",ภูเก็ต,เมืองภูเก็ต,,83,8301,0,4.5,93
Duck Spicy,,,7.916975,98.29078,"['https://dynamic-media-cdn.tripadvisor.com/media/photo-o/0e/8c/c5/f0/caption.jpg?w=500&h=-1&s=1', 'https://dynamic-media-cdn.tripadvisor.com/media/photo-o/10/fe/4c/9f/a-photographer-whom-we.jpg?w=500&h=-1&s=1', 'https://dynamic-media-cdn.tripadvisor.com/media/photo-o/14/b8/7d/11/food.jpg?w=500&h=-1&s=1', 'https://dynamic-media-cdn.tripadvisor.com/media/photo-o/0d/1a/8e/3f/photo1jpg.jpg?w=500&h=-1&s=1', 'https://dynamic-media-cdn.tripadvisor.com/media/photo-o/1b/27/32/9c/photo1jpg.jpg?w=500&h=-1&s=1', 'https://dynamic-media-cdn.tripadvisor.com/media/photo-o/11/61/da/88/20171127-203811-largejpg.jpg?w=500&h=-1&s=1', 'https://dynamic-media-cdn.tripadvisor.com/media/photo-o/0e/44/a9/a6/photo2jpg.jpg?w=500&h=-1&s=1', 'https://dynamic-media-cdn.tripadvisor.com/media/photo-o/16/c3/c1/ab/photo0jpg.jpg?w=500&h=-1&s=1', 'https://dynamic-media-cdn.tripadvisor.com/media/photo-o/14/b8/7e/a1/food.jpg?w=500&h=-1&s=1', 'https://dynamic-media-cdn.tripadvisor.com/media/photo-o/16/c3/c1/ac/photo1jpg.jpg?w=500&h=-1&s=1', 'https://dynamic-media-cdn.tripadvisor.com/media/photo-o/10/fe/4c/9e/a-photographer-whom-we.jpg?w=500&h=-1&s=1', 'https://dynamic-media-cdn.tripadvisor.com/media/photo-o/11/61/da/89/20171127-203820-largejpg.jpg?w=500&h=-1&s=1', 'https://dynamic-media-cdn.tripadvisor.com/media/photo-o/14/b8/7d/d2/food.jpg?w=500&h=-1&s=1', 'https://dynamic-media-cdn.tripadvisor.com/media/photo-o/14/b8/7d/b2/food.jpg?w=500&h=-1&s=1', 'https://dynamic-media-cdn.tripadvisor.com/media/photo-o/10/e7/c8/c5/photo1jpg.jpg?w=500&h=-1&s=1']",,https://th.tripadvisor.com/Restaurant_Review-g1215781-d3961246-Reviews-Duck_Spicy-Phuket_Town_Phuket.html,"['การจอง', 'ซื้อกลับบ้าน', 'ดนตรีสด', 'ที่นั่ง', 'ที่นั่งกลางแจ้ง', 'บริการเครื่องดื่มแอลกอฮอล์', 'บริการเสิร์ฟถึงโต๊ะ', 'โทรทัศน์']","['เอเชีย', 'ไทย']","Kalim Beach, เมืองภูเก็ต, จังหวัดภูเก็ต ไทย",ภูเก็ต,กะทู้,,83,8302,0,4.5,85
Salvatore's Restaurant,,"฿183.00 – ฿4,749.00",7.883203,98.388596,"['https://dynamic-media-cdn.tripadvisor.com/media/photo-o/06/05/d5/fa/lamb-cutlets.jpg?w=500&h=-1&s=1', 'https://dynamic-media-cdn.tripadvisor.com/media/photo-o/06/06/9c/a2/salvatore-s-restaurant.jpg?w=500&h=-1&s=1', 'https://dynamic-media-cdn.tripadvisor.com/media/photo-o/06/06/7f/ed/salvatore-s-restaurant.jpg?w=500&h=-1&s=1', 'https://dynamic-media-cdn.tripadvisor.com/media/photo-o/06/06/9c/f3/salvatore-s-restaurant.jpg?w=500&h=-1&s=1', 'https://dynamic-media-cdn.tripadvisor.com/media/photo-o/06/06/80/5a/salvatore-s-restaurant.jpg?w=500&h=-1&s=1', 'https://dynamic-media-cdn.tripadvisor.com/media/photo-o/06/06/9c/4d/salvatore-s-restaurant.jpg?w=500&h=-1&s=1', 'https://dynamic-media-cdn.tripadvisor.com/media/photo-o/06/06/9c/fd/salvatore-s-restaurant.jpg?w=500&h=-1&s=1', 'https://dynamic-media-cdn.tripadvisor.com/media/photo-o/06/06/9d/04/salvatore-s-restaurant.jpg?w=500&h=-1&s=1', 'https://dynamic-media-cdn.tripadvisor.com/media/photo-o/06/06/9c/63/salvatore-s-restaurant.jpg?w=500&h=-1&s=1', 'https://dynamic-media-cdn.tripadvisor.com/media/photo-o/06/05/d5/f4/smoked-salmon-salad.jpg?w=500&h=-1&s=1', 'https://dynamic-media-cdn.tripadvisor.com/media/photo-o/06/06/9c/5b/salvatore-s-restaurant.jpg?w=500&h=-1&s=1', 'https://dynamic-media-cdn.tripadvisor.com/media/photo-o/06/05/d5/ff/catalan-lobster.jpg?w=500&h=-1&s=1', 'https://dynamic-media-cdn.tripadvisor.com/media/photo-o/06/06/9d/09/salvatore-s-restaurant.jpg?w=500&h=-1&s=1', 'https://dynamic-media-cdn.tripadvisor.com/media/photo-o/06/06/80/5e/salvatore-s-restaurant.jpg?w=500&h=-1&s=1', 'https://dynamic-media-cdn.tripadvisor.com/media/photo-o/06/06/80/4c/salvatore-s-restaurant.jpg?w=500&h=-1&s=1']",+66 76 225 958,https://th.tripadvisor.com/Restaurant_Review-g1215781-d1748044-Reviews-Salvatore_s_Restaurant-Phuket_Town_Phuket.html,"['American Express', 'Mastercard', 'Visa', 'Wifi ฟรี', 'การจอง', 'การรับประทานอาหารแบบส่วนตัว', 'ซื้อกลับบ้าน', 'ที่จอดรถริมถนน', 'ที่จอดรถริมทางฟรี', 'ที่นั่ง', 'ที่นั่งกลางแจ้ง', 'บริการเครื่องดื่มแอลกอฮอล์', 'บริการเสิร์ฟถึงโต๊ะ', 'บาร์เต็มรูปแบบ', 'มีเก้าอี้สูงสำหรับเด็ก', 'รับบัตรเครดิต', 'สะดวกสำหรับผู้ใช้รถเข็น', 'ไวน์และเบียร์']","['นานาชาติ', 'ยุโรป', 'อิตาลี']","15, ถนนรัษฏา ตำบล ตลาดใหญ่, เมืองภูเก็ต, จังหวัดภูเก็ต 83100 ไทย",ภูเก็ต,เมืองภูเก็ต,,83,8301,0,4.0,224
โก อ่างซีฟู้ด,,,7.879028,98.392456,"['https://dynamic-media-cdn.tripadvisor.com/media/photo-o/09/2c/d0/38/caption.jpg?w=500&h=-1&s=1', 'https://dynamic-media-cdn.tripadvisor.com/media/photo-o/17/8f/57/40/20190509-190733-largejpg.jpg?w=500&h=-1&s=1', 'https://dynamic-media-cdn.tripadvisor.com/media/photo-o/0d/99/f7/07/photo1jpg.jpg?w=500&h=-1&s=1', 'https://dynamic-media-cdn.tripadvisor.com/media/photo-o/11/ba/53/7f/20160317-215820-largejpg.jpg?w=500&h=-1&s=1', 'https://dynamic-media-cdn.tripadvisor.com/media/photo-o/0e/ef/0f/99/photo0jpg.jpg?w=500&h=-1&s=1', 'https://dynamic-media-cdn.tripadvisor.com/media/photo-o/0d/99/f7/06/photo0jpg.jpg?w=500&h=-1&s=1', 'https://dynamic-media-cdn.tripadvisor.com/media/photo-o/11/ba/53/82/20160317-221219-largejpg.jpg?w=500&h=-1&s=1', 'https://dynamic-media-cdn.tripadvisor.com/media/photo-o/17/d2/74/17/sea-bass.jpg?w=500&h=-1&s=1', 'https://dynamic-media-cdn.tripadvisor.com/media/photo-o/0e/ef/0f/9b/photo2jpg.jpg?w=500&h=-1&s=1', 'https://dynamic-media-cdn.tripadvisor.com/media/photo-o/0e/ef/0f/9e/photo5jpg.jpg?w=500&h=-1&s=1', 'https://dynamic-media-cdn.tripadvisor.com/media/photo-o/11/ba/53/80/20160317-220204-largejpg.jpg?w=500&h=-1&s=1', 'https://dynamic-media-cdn.tripadvisor.com/media/photo-o/1a/bd/e0/6d/photo2jpg.jpg?w=500&h=-1&s=1', 'https://dynamic-media-cdn.tripadvisor.com/media/photo-o/1a/bd/e0/6b/photo0jpg.jpg?w=500&h=-1&s=1', 'https://dynamic-media-cdn.tripadvisor.com/media/photo-o/1a/6f/b0/75/photo1jpg.jpg?w=500&h=-1&s=1', 'https://dynamic-media-cdn.tripadvisor.com/media/photo-o/11/ba/53/81/20160317-220211-largejpg.jpg?w=500&h=-1&s=1']",+66 76 221 460,https://th.tripadvisor.com/Restaurant_Review-g1215781-d8737495-Reviews-Ko_Ang_Seafood-Phuket_Town_Phuket.html,[],"['อาหารทะเล', 'เอเชีย', 'ไทย']",V9HR+JX8 เทศบาลนครภูเก็ต อำเภอเมืองภูเก็ต ภูเก็ต,ภูเก็ต,เมืองภูเก็ต,,83,8301,0,4.0,38
Papazula,,,7.883804,98.39094,"['https://dynamic-media-cdn.tripadvisor.com/media/photo-o/26/54/f5/03/bar-live-music.jpg?w=500&h=-1&s=1', 'https://dynamic-media-cdn.tripadvisor.com/media/photo-o/29/11/a6/a3/the-day-need-to-record.jpg?w=500&h=-1&s=1', 'https://dynamic-media-cdn.tripadvisor.com/media/photo-o/29/11/a6/a2/make-some-fun.jpg?w=500&h=-1&s=1', 'https://dynamic-media-cdn.tripadvisor.com/media/photo-o/29/11/a6/a1/chill-out.jpg?w=500&h=-1&s=1', 'https://dynamic-media-cdn.tripadvisor.com/media/photo-o/29/11/a6/a0/well-designed-decoration.jpg?w=500&h=-1&s=1', 'https://dynamic-media-cdn.tripadvisor.com/media/photo-o/29/11/a6/9f/we-love-what-we-do.jpg?w=500&h=-1&s=1', 'https://dynamic-media-cdn.tripadvisor.com/media/photo-o/29/11/a6/9e/every-sunday-elvis-presley.jpg?w=500&h=-1&s=1', 'https://dynamic-media-cdn.tripadvisor.com/media/photo-o/29/11/a6/9d/we-welcome-you-to-friendly.jpg?w=500&h=-1&s=1', 'https://dynamic-media-cdn.tripadvisor.com/media/photo-o/29/11/a6/9c/all-nations-choose-we.jpg?w=500&h=-1&s=1', 'https://dynamic-media-cdn.tripadvisor.com/media/photo-o/29/11/a6/9b/2-floor-food-and-entertainment.jpg?w=500&h=-1&s=1', 'https://dynamic-media-cdn.tripadvisor.com/media/photo-o/29/11/a6/9a/old-town-phuket.jpg?w=500&h=-1&s=1', 'https://dynamic-media-cdn.tripadvisor.com/media/photo-o/29/11/a6/99/phuket-town.jpg?w=500&h=-1&s=1', 'https://dynamic-media-cdn.tripadvisor.com/media/photo-o/29/11/a6/98/papazula.jpg?w=500&h=-1&s=1', 'https://dynamic-media-cdn.tripadvisor.com/media/photo-o/29/11/a6/97/event-nights.jpg?w=500&h=-1&s=1', 'https://dynamic-media-cdn.tripadvisor.com/media/photo-o/29/11/a6/96/good-band.jpg?w=500&h=-1&s=1']",+66 76 390 799,https://th.tripadvisor.com/Restaurant_Review-g1215781-d23809462-Reviews-Papazula-Phuket_Town_Phuket.html,"['Wifi ฟรี', 'การจอง', 'การรับประทานอาหารแบบส่วนตัว', 'ซื้อกลับบ้าน', 'ดนตรีสด', 'ที่จอดรถริมถนน', 'ที่จอดรถริมทางฟรี', 'ที่นั่ง', 'ที่นั่งกลางแจ้ง', 'บริการส่ง', 'บริการเครื่องดื่มแอลกอฮอล์', 'บริการเสิร์ฟถึงโต๊ะ', 'บาร์เต็มรูปแบบ', 'มีที่จอดรถ', 'รับชำระเงินแบบดิจิทัล', 'รับบัตรเครดิต', 'ริมน้ำ', 'แบบครอบครัว', 'โทรทัศน์', 'ไวน์และเบียร์']","['ตุรกี', 'บาร์', 'ผับ', 'ยุโรป', 'ร้านอาหารมีเบียร์ให้บริการ', 'ไทย']","15 Phuket Rd Tambon Talat Yai, เมืองภูเก็ต, จังหวัดภูเก็ต 83000 ไทย",ภูเก็ต,เมืองภูเก็ต,,83,8301,0,4.0,32
Club No. 43,,฿80.00 – ฿150.00,7.884276,98.38729,"['https://dynamic-media-cdn.tripadvisor.com/media/photo-o/0a/b8/15/ca/getlstd-property-photo.jpg?w=500&h=-1&s=1', 'https://dynamic-media-cdn.tripadvisor.com/media/photo-o/1a/11/55/9e/club-no-43.jpg?w=500&h=-1&s=1', 'https://dynamic-media-cdn.tripadvisor.com/media/photo-o/14/02/37/77/photo2jpg.jpg?w=500&h=-1&s=1', 'https://dynamic-media-cdn.tripadvisor.com/media/photo-o/15/cf/3b/e2/dsc-2519-largejpg.jpg?w=500&h=-1&s=1', 'https://dynamic-media-cdn.tripadvisor.com/media/photo-o/0e/ad/f8/d0/photo2jpg.jpg?w=500&h=-1&s=1', 'https://dynamic-media-cdn.tripadvisor.com/media/photo-o/11/b9/a6/fa/20180106-185710-largejpg.jpg?w=500&h=-1&s=1', 'https://dynamic-media-cdn.tripadvisor.com/media/photo-o/0e/08/69/e0/photo0jpg.jpg?w=500&h=-1&s=1', 'https://dynamic-media-cdn.tripadvisor.com/media/photo-o/0f/7e/d7/06/1496040571752-largejpg.jpg?w=500&h=-1&s=1', 'https://dynamic-media-cdn.tripadvisor.com/media/photo-o/1a/11/55/93/club-no-43.jpg?w=500&h=-1&s=1', 'https://dynamic-media-cdn.tripadvisor.com/media/photo-o/0c/76/c5/df/photo1jpg.jpg?w=500&h=-1&s=1', 'https://dynamic-media-cdn.tripadvisor.com/media/photo-o/0c/9c/46/e3/1471699909609-largejpg.jpg?w=500&h=-1&s=1', 'https://dynamic-media-cdn.tripadvisor.com/media/photo-o/16/33/8b/ee/20190123-004707-largejpg.jpg?w=500&h=-1&s=1', 'https://dynamic-media-cdn.tripadvisor.com/media/photo-o/0f/7f/84/6f/amazing-drinks-with-an.jpg?w=500&h=-1&s=1', 'https://dynamic-media-cdn.tripadvisor.com/media/photo-o/0e/bb/df/27/photo1jpg.jpg?w=500&h=-1&s=1', 'https://dynamic-media-cdn.tripadvisor.com/media/photo-o/0c/71/7a/42/photo0jpg.jpg?w=500&h=-1&s=1']",+66 81 476 7440,https://th.tripadvisor.com/Restaurant_Review-g1215781-d10125917-Reviews-Club_No_43-Phuket_Town_Phuket.html,"['ที่นั่ง', 'ที่นั่งกลางแจ้ง', 'บริการเครื่องดื่มแอลกอฮอล์', 'บริการเสิร์ฟถึงโต๊ะ']","['ญี่ปุ่น', 'เม็กซิกัน', 'ไทย']","43 ถ.เยาวราช, เมืองภูเก็ต, จังหวัดภูเก็ต 83000 ไทย",ภูเก็ต,เมืองภูเก็ต,,83,8301,0,4.5,60
ร้านอาหารเบียร์เฟสต์และโรงเบียร์คราฟท์เบียร์,,฿180.00 – ฿350.00,7.9,98.36765,"['https://dynamic-media-cdn.tripadvisor.com/media/photo-o/2b/3e/71/2e/caption.jpg?w=500&h=-1&s=1', 'https://dynamic-media-cdn.tripadvisor.com/media/photo-o/2b/3e/73/06/caption.jpg?w=500&h=-1&s=1', 'https://dynamic-media-cdn.tripadvisor.com/media/photo-o/2b/3e/73/0a/caption.jpg?w=500&h=-1&s=1', 'https://dynamic-media-cdn.tripadvisor.com/media/photo-o/2b/3e/73/09/caption.jpg?w=500&h=-1&s=1', 'https://dynamic-media-cdn.tripadvisor.com/media/photo-o/2b/3e/73/08/caption.jpg?w=500&h=-1&s=1', 'https://dynamic-media-cdn.tripadvisor.com/media/photo-o/2b/3e/73/07/caption.jpg?w=500&h=-1&s=1', 'https://dynamic-media-cdn.tripadvisor.com/media/photo-o/2b/3e/73/05/caption.jpg?w=500&h=-1&s=1', 'https://dynamic-media-cdn.tripadvisor.com/media/photo-o/2b/3e/73/04/caption.jpg?w=500&h=-1&s=1', 'https://dynamic-media-cdn.tripadvisor.com/media/photo-o/2b/3e/73/03/7.jpg?w=500&h=-1&s=1', 'https://dynamic-media-cdn.tripadvisor.com/media/photo-o/2b/3e/71/38/150.jpg?w=500&h=-1&s=1', 'https://dynamic-media-cdn.tripadvisor.com/media/photo-o/2b/3e/71/37/150.jpg?w=500&h=-1&s=1', 'https://dynamic-media-cdn.tripadvisor.com/media/photo-o/2b/3e/71/36/caption.jpg?w=500&h=-1&s=1', 'https://dynamic-media-cdn.tripadvisor.com/media/photo-o/2b/3e/71/35/caption.jpg?w=500&h=-1&s=1', 'https://dynamic-media-cdn.tripadvisor.com/media/photo-o/2b/3e/71/34/caption.jpg?w=500&h=-1&s=1', 'https://dynamic-media-cdn.tripadvisor.com/media/photo-o/2b/3e/71/33/caption.jpg?w=500&h=-1&s=1']",+66 86 488 4149,https://th.tripadvisor.com/Restaurant_Review-g2315814-d26679753-Reviews-Beerfest_Restaurant_And_Craft_Beer_Brewery_Phuket-Wichit_Phuket_Town_Phuket.html,"['Mastercard', 'Visa', 'Wifi ฟรี', 'การจอง', 'การรับประทานอาหารแบบส่วนตัว', 'ซื้อกลับบ้าน', 'ที่จอดรถริมถนน', 'ที่นั่ง', 'ที่นั่งกลางแจ้ง', 'บริการส่ง', 'บริการเครื่องดื่มแอลกอฮอล์', 'บาร์ชมกีฬา', 'บาร์เต็มรูปแบบ', 'รับชำระเงินแบบดิจิทัล', 'รับเฉพาะเงินสด', 'ร้านอาหารปลอดบุหรี่', 'สะดวกสำหรับผู้ใช้รถเข็น', 'โทรทัศน์', 'ไวน์และเบียร์']","['ผับเบียร์', 'พิซซ่า', 'ยุโรป', 'ร้านอาหารมีเบียร์ให้บริการ', 'อิตาลี']","46/6 Mu. 5, วิชิต, เมืองภูเก็ต, จังหวัดภูเก็ต 83000 ไทย",ภูเก็ต,เมืองภูเก็ต,,83,8301,0,4.5,12
,,฿277.00 – ฿692.00,7.891906,98.36734,[''],+66 76 307 064,https://th.tripadvisor.com/Restaurant_Review-g1215781-d2547710-Reviews-Wine_Connection_Deli_Bistro_Central_Phuket-Phuket_Town_Phuket.html,"['Wifi ฟรี', 'การจอง', 'ซื้อกลับบ้าน', 'ที่นั่ง', 'ที่นั่งกลางแจ้ง', 'บริการเครื่องดื่มแอลกอฮอล์', 'บริการเสิร์ฟถึงโต๊ะ', 'บาร์เต็มรูปแบบ', 'มีเก้าอี้สูงสำหรับเด็ก', 'รับบัตรเครดิต', 'สะดวกสำหรับผู้ใช้รถเข็น']","['พิซซ่า', 'ยุโรป', 'อิตาลี', 'ไวน์บาร์']","74-75 หมู่ 5 ชั้น 1 ศูนย์การค้าเซ็นทรัลเฟสติวัลภูเก็ต ถ. วิชิตสงคราม 1 Sivadon Building, 1st Floor Unit 5, 10th Floor Unit 1005-1006, เมืองภูเก็ต, จังหวัดภูเก็ต 83000 ไทย",ภูเก็ต,เมืองภูเก็ต,,83,8301,0,3.5,339
ASADO Gaucho Grill,,"฿150.00 – ฿1,099.00",7.821854,98.34145,"['https://dynamic-media-cdn.tripadvisor.com/media/photo-o/11/b1/ad/06/all-grilled-on-or-authentic.jpg?w=500&h=-1&s=1', 'https://dynamic-media-cdn.tripadvisor.com/media/photo-o/0d/4e/b4/38/thai-food-tom-yam-seafood.jpg?w=500&h=-1&s=1', 'https://dynamic-media-cdn.tripadvisor.com/media/photo-o/11/b1/ad/1d/awesome-steak.jpg?w=500&h=-1&s=1', 'https://dynamic-media-cdn.tripadvisor.com/media/photo-o/11/b1/ac/c7/seafood-platter.jpg?w=500&h=-1&s=1', 'https://dynamic-media-cdn.tripadvisor.com/media/photo-o/0d/4e/b4/3d/thai-food-yam-wun-sen.jpg?w=500&h=-1&s=1', 'https://dynamic-media-cdn.tripadvisor.com/media/photo-o/0d/81/8e/a2/beef-tartar-made-from.jpg?w=500&h=-1&s=1', 'https://dynamic-media-cdn.tripadvisor.com/media/photo-o/11/b1/ac/a7/seafood-platter.jpg?w=500&h=-1&s=1', 'https://dynamic-media-cdn.tripadvisor.com/media/photo-o/0d/81/8e/e2/slow-cooked-pressed-belly.jpg?w=500&h=-1&s=1', 'https://dynamic-media-cdn.tripadvisor.com/media/photo-o/0d/81/8e/8b/homemade-chicken-liver.jpg?w=500&h=-1&s=1', 'https://dynamic-media-cdn.tripadvisor.com/media/photo-o/0d/81/8e/ac/black-angis-kebab-tenderloin.jpg?w=500&h=-1&s=1', 'https://dynamic-media-cdn.tripadvisor.com/media/photo-o/11/b1/ac/eb/slipper-lobster.jpg?w=500&h=-1&s=1', 'https://dynamic-media-cdn.tripadvisor.com/media/photo-o/0c/0d/97/f4/asado-gaucho-grill.jpg?w=500&h=-1&s=1', 'https://dynamic-media-cdn.tripadvisor.com/media/photo-o/0c/0d/97/fd/asado-gaucho-grill.jpg?w=500&h=-1&s=1', 'https://dynamic-media-cdn.tripadvisor.com/media/photo-o/0d/81/8e/b4/we-offer-a-selection.jpg?w=500&h=-1&s=1', 'https://dynamic-media-cdn.tripadvisor.com/media/photo-o/0a/7b/cc/2d/logo.jpg?w=500&h=-1&s=1']",+66 95 018 3016,https://th.tripadvisor.com/Restaurant_Review-g1389361-d9844717-Reviews-ASADO_Gaucho_Grill-Chalong_Phuket_Town_Phuket.html,[],"['สเต๊กเฮาส์', 'อาร์เจนตินา', 'เมดิเตอร์เรเนียน']","ถนน ซันไรส์, ฉลอง, เมืองภูเก็ต, จังหวัดภูเก็ต 83130 ไทย",ภูเก็ต,เมืองภูเก็ต,,83,8301,0,4.5,165
Tom Yam Goong Restaurant,,,7.818311,98.30052,[''],+66 76 615 783,https://th.tripadvisor.com/Restaurant_Review-g1215781-d3671321-Reviews-Tom_Yam_Goong_Restaurant-Phuket_Town_Phuket.html,"['ซื้อกลับบ้าน', 'ที่นั่ง', 'บริการเครื่องดื่มแอลกอฮอล์', 'บริการเสิร์ฟถึงโต๊ะ', 'สะดวกสำหรับผู้ใช้รถเข็น']","['อาหารทะเล', 'เอเชีย', 'ไทย']","5 Pasak-Koktanod Road, เมืองภูเก็ต, จังหวัดภูเก็ต 83110 ไทย",ภูเก็ต,เมืองภูเก็ต,,83,8301,0,4.0,101
Mala Dim Sum,,,7.822924,98.30304,[''],+66 76 285 179,https://th.tripadvisor.com/Restaurant_Review-g1215781-d3938151-Reviews-Mala_Dim_Sum-Phuket_Town_Phuket.html,[],"['จีน', 'เอเชีย', 'ไทย']","117/1-2 Patak Road, เมืองภูเก็ต, จังหวัดภูเก็ต ไทย",ภูเก็ต,เมืองภูเก็ต,,83,8301,0,4.0,45
เพียว วีแกน เฮเว่น,,฿99.00 – ฿150.00,7.851139,98.3493,"['https://dynamic-media-cdn.tripadvisor.com/media/photo-o/1a/12/8b/5f/new-larger-location-on.jpg?w=500&h=-1&s=1', 'https://dynamic-media-cdn.tripadvisor.com/media/photo-o/15/51/9d/bf/curry-fried-rice.jpg?w=500&h=-1&s=1', 'https://dynamic-media-cdn.tripadvisor.com/media/photo-o/13/03/06/48/farafel-bowl.jpg?w=500&h=-1&s=1', 'https://dynamic-media-cdn.tripadvisor.com/media/photo-o/13/03/06/61/capress-salad.jpg?w=500&h=-1&s=1', 'https://dynamic-media-cdn.tripadvisor.com/media/photo-o/15/51/71/e9/papaya-salad.jpg?w=500&h=-1&s=1', 'https://dynamic-media-cdn.tripadvisor.com/media/photo-o/15/51/6c/40/larb-mushroom.jpg?w=500&h=-1&s=1', 'https://dynamic-media-cdn.tripadvisor.com/media/photo-o/15/51/8e/8e/curry-fried-rice.jpg?w=500&h=-1&s=1', 'https://dynamic-media-cdn.tripadvisor.com/media/photo-o/15/51/5d/d2/burmese-salad.jpg?w=500&h=-1&s=1', 'https://dynamic-media-cdn.tripadvisor.com/media/photo-o/13/03/06/4f/mexican-bowl.jpg?w=500&h=-1&s=1', 'https://dynamic-media-cdn.tripadvisor.com/media/photo-o/15/51/69/35/falafel-bowl.jpg?w=500&h=-1&s=1', 'https://dynamic-media-cdn.tripadvisor.com/media/photo-o/15/51/9d/9a/mexican-bowl.jpg?w=500&h=-1&s=1', 'https://dynamic-media-cdn.tripadvisor.com/media/photo-o/15/51/9c/da/mexican-bowl.jpg?w=500&h=-1&s=1', 'https://dynamic-media-cdn.tripadvisor.com/media/photo-o/13/03/06/5e/summer-roll.jpg?w=500&h=-1&s=1', 'https://dynamic-media-cdn.tripadvisor.com/media/photo-o/15/51/88/9f/bbq-bowl.jpg?w=500&h=-1&s=1', 'https://dynamic-media-cdn.tripadvisor.com/media/photo-o/15/51/89/f8/summer-roll.jpg?w=500&h=-1&s=1']",+66 64 014 4068,https://th.tripadvisor.com/Restaurant_Review-g1389361-d11510420-Reviews-Pure_Vegan_Heaven_Phuket-Chalong_Phuket_Town_Phuket.html,"['Wifi ฟรี', 'ซื้อกลับบ้าน', 'ที่จอดรถริมถนน', 'ที่จอดรถริมทางฟรี', 'ที่นั่ง', 'ที่นั่งกลางแจ้ง', 'บริการเสิร์ฟถึงโต๊ะ', 'รับเฉพาะเงินสด', 'ไวน์และเบียร์']","['ดีต่อสุขภาพ', 'นานาชาติ', 'ร้านกาแฟ']","45/28 หมู่ที่ 1 ซอยตาเอียด Evolve Health Club Phuket, ฉลอง, เมืองภูเก็ต, จังหวัดภูเก็ต 83130 ไทย",ภูเก็ต,เมืองภูเก็ต,,83,8301,0,4.5,200
ร้านอาหารอิตาเลี่ยนซาลูท,,฿180.00 – ฿579.00,7.900483,98.380135,[''],+66 80 040 4141,https://th.tripadvisor.com/Restaurant_Review-g2315818-d23657071-Reviews-Salute_Italian_Restaurant-Talat_Yai_Phuket_Town_Phuket.html,[],"['พิซซ่า', 'ลัตซีโย', 'อิตาลี', 'อิตาลีทางตอนกลาง', 'โรมัน']","26 ซ.พวงชมพู ถนนหงษ์หยกอุทิศ, ตลาดใหญ่, เมืองภูเก็ต, จังหวัดภูเก็ต 83000 ไทย",ภูเก็ต,เมืองภูเก็ต,,83,8301,0,5.0,78
Archee Restaurant,,฿110.00 – ฿365.00,7.769525,98.31514,[''],+66 89 472 2582,https://th.tripadvisor.com/Restaurant_Review-g1215781-d3725403-Reviews-Archee_Restaurant-Phuket_Town_Phuket.html,"['Wifi ฟรี', 'การจอง', 'ซื้อกลับบ้าน', 'ที่นั่ง', 'ที่นั่งกลางแจ้ง', 'บริการเครื่องดื่มแอลกอฮอล์', 'บริการเสิร์ฟถึงโต๊ะ', 'มีที่จอดรถ', 'มีเก้าอี้สูงสำหรับเด็ก', 'สะดวกสำหรับผู้ใช้รถเข็น']","['อาหารทะเล', 'ไทย']","90/27 หมู่ 6 ถนนหมายเลข 4233 ทางหลวงชนบท 4161 ต.ราไวย์ อ.เมือง, เมืองภูเก็ต, จังหวัดภูเก็ต 83130 ไทย",ภูเก็ต,เมืองภูเก็ต,,83,8301,0,4.5,233
China Inn Cafe,,,7.88467,98.387985,"['https://dynamic-media-cdn.tripadvisor.com/media/photo-o/11/8f/3f/d8/photo0jpg.jpg?w=500&h=-1&s=1', 'https://dynamic-media-cdn.tripadvisor.com/media/photo-o/1c/aa/cd/0d/photo1jpg.jpg?w=500&h=-1&s=1', 'https://dynamic-media-cdn.tripadvisor.com/media/photo-o/1c/aa/cd/11/photo5jpg.jpg?w=500&h=-1&s=1', 'https://dynamic-media-cdn.tripadvisor.com/media/photo-o/1c/aa/cd/12/photo6jpg.jpg?w=500&h=-1&s=1', 'https://dynamic-media-cdn.tripadvisor.com/media/photo-o/12/f4/61/d2/photo0jpg.jpg?w=500&h=-1&s=1', 'https://dynamic-media-cdn.tripadvisor.com/media/photo-o/12/f4/61/d3/photo1jpg.jpg?w=500&h=-1&s=1', 'https://dynamic-media-cdn.tripadvisor.com/media/photo-o/16/b7/bf/12/photo0jpg.jpg?w=500&h=-1&s=1', 'https://dynamic-media-cdn.tripadvisor.com/media/photo-o/07/84/2c/59/un-petit-dejeuner-au.jpg?w=500&h=-1&s=1', 'https://dynamic-media-cdn.tripadvisor.com/media/photo-o/09/e0/dc/1d/china-inn-cafe.jpg?w=500&h=-1&s=1', 'https://dynamic-media-cdn.tripadvisor.com/media/photo-o/1a/5b/81/b5/photo0jpg.jpg?w=500&h=-1&s=1', 'https://dynamic-media-cdn.tripadvisor.com/media/photo-o/08/07/de/85/china-inn-cafe.jpg?w=500&h=-1&s=1', 'https://dynamic-media-cdn.tripadvisor.com/media/photo-o/12/34/8e/c2/img-20180220-153931-largejpg.jpg?w=500&h=-1&s=1', 'https://dynamic-media-cdn.tripadvisor.com/media/photo-o/13/f6/c1/4f/thai-noodle-soup.jpg?w=500&h=-1&s=1', 'https://dynamic-media-cdn.tripadvisor.com/media/photo-o/05/3b/73/45/china-inn-cafe.jpg?w=500&h=-1&s=1', 'https://dynamic-media-cdn.tripadvisor.com/media/photo-o/15/f6/0b/73/photo1jpg.jpg?w=500&h=-1&s=1']",+66 76 356 239,https://th.tripadvisor.com/Restaurant_Review-g1215781-d1449612-Reviews-China_Inn_Cafe-Phuket_Town_Phuket.html,"['Wifi ฟรี', 'การจอง', 'ซื้อกลับบ้าน', 'ที่นั่ง', 'ที่นั่งกลางแจ้ง', 'บริการเครื่องดื่มแอลกอฮอล์', 'บริการเสิร์ฟถึงโต๊ะ', 'สะดวกสำหรับผู้ใช้รถเข็น']","['เอเชีย', 'ไทย']","20 Thalang Road, เมืองภูเก็ต, จังหวัดภูเก็ต ไทย",ภูเก็ต,เมืองภูเก็ต,,83,8301,0,4.5,194
ร้านพิเศษ,,฿99.00 – ฿999.00,7.888149,98.38673,"['https://dynamic-media-cdn.tripadvisor.com/media/photo-o/29/1f/3d/38/caption.jpg?w=500&h=-1&s=1', 'https://dynamic-media-cdn.tripadvisor.com/media/photo-o/29/1f/48/4a/caption.jpg?w=500&h=-1&s=1', 'https://dynamic-media-cdn.tripadvisor.com/media/photo-o/29/1f/3d/2f/caption.jpg?w=500&h=-1&s=1', 'https://dynamic-media-cdn.tripadvisor.com/media/photo-o/29/1f/5c/f1/caption.jpg?w=500&h=-1&s=1', 'https://dynamic-media-cdn.tripadvisor.com/media/photo-o/29/1f/5c/f2/caption.jpg?w=500&h=-1&s=1', 'https://dynamic-media-cdn.tripadvisor.com/media/photo-o/29/1f/5c/20/caption.jpg?w=500&h=-1&s=1', 'https://dynamic-media-cdn.tripadvisor.com/media/photo-o/29/1f/48/3d/caption.jpg?w=500&h=-1&s=1', 'https://dynamic-media-cdn.tripadvisor.com/media/photo-o/29/1f/5c/23/caption.jpg?w=500&h=-1&s=1', 'https://dynamic-media-cdn.tripadvisor.com/media/photo-o/12/bf/23/b6/phuket-pineapple-spicy.jpg?w=500&h=-1&s=1', 'https://dynamic-media-cdn.tripadvisor.com/media/photo-o/12/bf/1d/c8/stir-fried-crab-meat.jpg?w=500&h=-1&s=1', 'https://dynamic-media-cdn.tripadvisor.com/media/photo-o/15/76/8c/df/grilled-enokitake-noodle.jpg?w=500&h=-1&s=1', 'https://dynamic-media-cdn.tripadvisor.com/media/photo-o/12/bf/73/b5/seafood-tom-yum-noodle.jpg?w=500&h=-1&s=1', 'https://dynamic-media-cdn.tripadvisor.com/media/photo-o/12/bf/20/01/shrimp-wonton-noodle.jpg?w=500&h=-1&s=1', 'https://dynamic-media-cdn.tripadvisor.com/media/photo-o/12/bf/1b/42/deep-fried-chicken-with.jpg?w=500&h=-1&s=1', 'https://dynamic-media-cdn.tripadvisor.com/media/photo-o/12/bf/23/64/cocoa-frappe.jpg?w=500&h=-1&s=1']",+66 97 352 5388,https://th.tripadvisor.com/Restaurant_Review-g2315817-d12852621-Reviews-Piset_Restaurant_Phuket-Talat_Nuea_Phuket_Town_Phuket.html,"['Visa', 'Wifi ฟรี', 'การจอง', 'ซื้อกลับบ้าน', 'ที่นั่ง', 'บริการส่ง', 'บริการเสิร์ฟถึงโต๊ะ', 'มีที่จอดรถ', 'มีเก้าอี้สูงสำหรับเด็ก', 'รับบัตรเครดิต', 'ร้านอาหารปลอดบุหรี่', 'สะดวกสำหรับผู้ใช้รถเข็น', 'แบบครอบครัว']","['ดีต่อสุขภาพ', 'พื้นเมือง', 'อาหารทะเล', 'เอเชีย', 'ไทย']","231/3 ถนนเยาวราช, ตลาดเหนือ, เมืองภูเก็ต, จังหวัดภูเก็ต 83000 ไทย",ภูเก็ต,เมืองภูเก็ต,,83,8301,0,0.0,0
ปิ่นโตจานเหล็ก,,,7.811107,98.38814,[''],+66 90 908 8555,https://th.tripadvisor.com/Restaurant_Review-g1215781-d16859325-Reviews-Pintochanlhek-Phuket_Town_Phuket.html,"['Wifi ฟรี', 'การจอง', 'ซื้อกลับบ้าน', 'ที่จอดรถริมถนน', 'ที่จอดรถริมทางฟรี', 'ที่นั่ง', 'ที่นั่งกลางแจ้ง', 'บริการเครื่องดื่มแอลกอฮอล์', 'บริการเสิร์ฟถึงโต๊ะ', 'บาร์เต็มรูปแบบ', 'มีที่จอดรถ', 'มีเก้าอี้สูงสำหรับเด็ก']","['บาร์', 'ผับ', 'ฟิวชั่น', 'อาหารทะเล', 'เอเชีย', 'ไทย']","7/21 หมู่ 8 ถ.อ่าวยนเขาขาด ต.วิชิต, เมืองภูเก็ต, จังหวัดภูเก็ต 83000 ไทย",ภูเก็ต,เมืองภูเก็ต,,83,8301,0,4.5,43
Tai Omakase,,฿120.00 – ฿40.00,7.890201,98.36669,"['https://dynamic-media-cdn.tripadvisor.com/media/photo-o/14/f4/40/70/getlstd-property-photo.jpg?w=500&h=-1&s=1', 'https://dynamic-media-cdn.tripadvisor.com/media/photo-o/16/6c/d6/c8/tai-omakase.jpg?w=500&h=-1&s=1', 'https://dynamic-media-cdn.tripadvisor.com/media/photo-o/15/0f/14/33/tai-omakase.jpg?w=500&h=-1&s=1', 'https://dynamic-media-cdn.tripadvisor.com/media/photo-o/15/55/8d/3c/photo2jpg.jpg?w=500&h=-1&s=1', 'https://dynamic-media-cdn.tripadvisor.com/media/photo-o/19/d1/dd/a9/photo0jpg.jpg?w=500&h=-1&s=1', 'https://dynamic-media-cdn.tripadvisor.com/media/photo-o/16/4f/ec/1e/20190201-155423-largejpg.jpg?w=500&h=-1&s=1', 'https://dynamic-media-cdn.tripadvisor.com/media/photo-o/18/22/72/91/my-second-visit-was-supper.jpg?w=500&h=-1&s=1', 'https://dynamic-media-cdn.tripadvisor.com/media/photo-o/16/83/33/f4/tai-omakase.jpg?w=500&h=-1&s=1', 'https://dynamic-media-cdn.tripadvisor.com/media/photo-o/15/0f/13/cf/tai-omakase.jpg?w=500&h=-1&s=1', 'https://dynamic-media-cdn.tripadvisor.com/media/photo-o/16/62/9f/d1/photo0jpg.jpg?w=500&h=-1&s=1', 'https://dynamic-media-cdn.tripadvisor.com/media/photo-o/17/25/87/7f/line-99730861774884-largejpg.jpg?w=500&h=-1&s=1', 'https://dynamic-media-cdn.tripadvisor.com/media/photo-o/15/0f/13/bf/tai-omakase.jpg?w=500&h=-1&s=1', 'https://dynamic-media-cdn.tripadvisor.com/media/photo-o/15/54/01/e9/photo8jpg.jpg?w=500&h=-1&s=1', 'https://dynamic-media-cdn.tripadvisor.com/media/photo-o/16/62/9f/d2/photo1jpg.jpg?w=500&h=-1&s=1', 'https://dynamic-media-cdn.tripadvisor.com/media/photo-o/15/54/01/e1/photo0jpg.jpg?w=500&h=-1&s=1']",+66 76 619 707,https://th.tripadvisor.com/Restaurant_Review-g1215781-d15213353-Reviews-Tai_Omakase-Phuket_Town_Phuket.html,"['Wifi ฟรี', 'การจอง', 'ซื้อกลับบ้าน', 'ที่นั่ง', 'ที่นั่งกลางแจ้ง', 'บริการส่ง', 'บริการเครื่องดื่มแอลกอฮอล์', 'บริการเสิร์ฟถึงโต๊ะ', 'บาร์เต็มรูปแบบ', 'มีที่จอดรถ', 'รับบัตรเครดิต', 'ไวน์และเบียร์']","['ซูชิ', 'ญี่ปุ่น', 'บาร์', 'ผับ', 'ฟิวชั่น', 'อาหารทะเล', 'เอเชีย']","199 หมู่ 4 ถนน วิชิตสงคราม Central Floresta ห้อง 331 ชั้น 3, เมืองภูเก็ต, จังหวัดภูเก็ต 83000 ไทย",ภูเก็ต,เมืองภูเก็ต,,83,8301,0,4.5,22
Saranghaeyo Barbecue,,,7.855152,98.35727,[''],+66 63 945 9965,https://th.tripadvisor.com/Restaurant_Review-g1215781-d26525061-Reviews-Saranghaeyo_Barbecue-Phuket_Town_Phuket.html,[],"['เกาหลี', 'เอเชีย']","63/96 Moo 2, เมืองภูเก็ต, จังหวัดภูเก็ต 83000 ไทย",ภูเก็ต,เมืองภูเก็ต,,83,8301,0,5.0,4
Mangiafuoco,,฿150.00 – ฿500.00,7.85144,98.348755,"['https://dynamic-media-cdn.tripadvisor.com/media/photo-o/15/9f/25/a9/pizza-caprese.jpg?w=500&h=-1&s=1', 'https://dynamic-media-cdn.tripadvisor.com/media/photo-o/14/4d/90/03/chicken-cutlet-with-side.jpg?w=500&h=-1&s=1', 'https://dynamic-media-cdn.tripadvisor.com/media/photo-o/15/9f/25/b4/potato-and-broccoli.jpg?w=500&h=-1&s=1', 'https://dynamic-media-cdn.tripadvisor.com/media/photo-o/15/9f/25/98/pizza-mix-cheese-bacon.jpg?w=500&h=-1&s=1', 'https://dynamic-media-cdn.tripadvisor.com/media/photo-o/15/9f/25/ba/linguine-with-seafood.jpg?w=500&h=-1&s=1', 'https://dynamic-media-cdn.tripadvisor.com/media/photo-o/15/9f/25/bd/tartara-tuna.jpg?w=500&h=-1&s=1', 'https://dynamic-media-cdn.tripadvisor.com/media/photo-o/14/4d/9d/2b/baked-spinach-with-mozzarella.jpg?w=500&h=-1&s=1', 'https://dynamic-media-cdn.tripadvisor.com/media/photo-o/14/4d/99/a3/sandwich-crust-with-meatball.jpg?w=500&h=-1&s=1', 'https://dynamic-media-cdn.tripadvisor.com/media/photo-o/14/4d/94/0e/pizza-margherita-with.jpg?w=500&h=-1&s=1', 'https://dynamic-media-cdn.tripadvisor.com/media/photo-o/14/4d/a1/4b/mangiafuoco-s-outdoor.jpg?w=500&h=-1&s=1', 'https://dynamic-media-cdn.tripadvisor.com/media/photo-o/14/4d/6e/9f/ravioli-spinach-and-cheese.jpg?w=500&h=-1&s=1', 'https://dynamic-media-cdn.tripadvisor.com/media/photo-o/14/4d/a4/19/focaccia-with-rosmary.jpg?w=500&h=-1&s=1', 'https://dynamic-media-cdn.tripadvisor.com/media/photo-o/0d/f8/57/6f/getlstd-property-photo.jpg?w=500&h=-1&s=1', 'https://dynamic-media-cdn.tripadvisor.com/media/photo-o/0e/90/d7/86/photo1jpg.jpg?w=500&h=-1&s=1', 'https://dynamic-media-cdn.tripadvisor.com/media/photo-o/17/6d/05/0b/img-20181213-184822-largejpg.jpg?w=500&h=-1&s=1']",+66 62 979 2024,https://th.tripadvisor.com/Restaurant_Review-g1389361-d12012448-Reviews-Mangiafuoco-Chalong_Phuket_Town_Phuket.html,"['การจอง', 'ซื้อกลับบ้าน', 'ที่จอดรถริมทางฟรี', 'ที่นั่ง', 'ที่นั่งกลางแจ้ง', 'บริการส่ง', 'บริการเครื่องดื่มแอลกอฮอล์', 'บริการเสิร์ฟถึงโต๊ะ', 'มีเก้าอี้สูงสำหรับเด็ก', 'รับบัตรเครดิต', 'สะดวกสำหรับผู้ใช้รถเข็น', 'ไวน์และเบียร์']","['คัมปาเนีย', 'ทอสคานา', 'พิซซ่า', 'ยุโรป', 'อิตาลี', 'อิตาลีทางตอนกลาง', 'อิตาลีทางตอนใต้', 'เนเปิลส์', 'เมดิเตอร์เรเนียน']","Moo1 45/34 Soi Taied, ฉลอง, เมืองภูเก็ต, จังหวัดภูเก็ต 83000 ไทย",ภูเก็ต,เมืองภูเก็ต,,83,8301,0,4.5,126
ร้านอรุณโภชนา,,,7.884697,98.390205,"['https://dynamic-media-cdn.tripadvisor.com/media/photo-o/11/df/eb/e0/photo0jpg.jpg?w=500&h=-1&s=1', 'https://dynamic-media-cdn.tripadvisor.com/media/photo-o/14/ab/57/39/img-20180913-wa0008-largejpg.jpg?w=500&h=-1&s=1', 'https://dynamic-media-cdn.tripadvisor.com/media/photo-o/19/39/29/10/photo1jpg.jpg?w=500&h=-1&s=1', 'https://dynamic-media-cdn.tripadvisor.com/media/photo-o/14/ab/57/38/img-20180913-wa0007-largejpg.jpg?w=500&h=-1&s=1', 'https://dynamic-media-cdn.tripadvisor.com/media/photo-o/15/d8/b3/56/photo1jpg.jpg?w=500&h=-1&s=1', 'https://dynamic-media-cdn.tripadvisor.com/media/photo-o/17/9f/69/84/img-20190522-105530-largejpg.jpg?w=500&h=-1&s=1', 'https://dynamic-media-cdn.tripadvisor.com/media/photo-o/1a/8e/15/1e/plato.jpg?w=500&h=-1&s=1', 'https://dynamic-media-cdn.tripadvisor.com/media/photo-o/19/39/29/0f/photo0jpg.jpg?w=500&h=-1&s=1', 'https://dynamic-media-cdn.tripadvisor.com/media/photo-o/12/63/be/44/photo0jpg.jpg?w=500&h=-1&s=1', 'https://dynamic-media-cdn.tripadvisor.com/media/photo-o/1a/8e/15/4c/plato.jpg?w=500&h=-1&s=1', 'https://dynamic-media-cdn.tripadvisor.com/media/photo-o/15/d8/b3/55/photo0jpg.jpg?w=500&h=-1&s=1', 'https://dynamic-media-cdn.tripadvisor.com/media/photo-o/17/9f/69/7f/img-20190522-113315-largejpg.jpg?w=500&h=-1&s=1', 'https://dynamic-media-cdn.tripadvisor.com/media/photo-o/14/af/78/ee/photo0jpg.jpg?w=500&h=-1&s=1', 'https://dynamic-media-cdn.tripadvisor.com/media/photo-o/18/a7/ff/8d/aroon-restaurant.jpg?w=500&h=-1&s=1', 'https://dynamic-media-cdn.tripadvisor.com/media/photo-o/12/1d/c7/2f/ta-img-20180221-111244.jpg?w=500&h=-1&s=1']",+66 98 016 6562,https://th.tripadvisor.com/Restaurant_Review-g2315818-d13421777-Reviews-Aroon_Restaurant-Talat_Yai_Phuket_Town_Phuket.html,"['ซื้อกลับบ้าน', 'ที่นั่ง', 'บริการเสิร์ฟถึงโต๊ะ']","['อินเดีย', 'เอเชีย', 'ไทย']","3, อาคารสี่แยกแถวน้ำ 4 ถนน ถลาง, ตลาดใหญ่, เมืองภูเก็ต, จังหวัดภูเก็ต 83000 ไทย",ภูเก็ต,เมืองภูเก็ต,,83,8301,0,5.0,30
The Fool Speakeasy,,,7.879681,98.394485,[''],+66 86 951 9198,https://th.tripadvisor.com/Restaurant_Review-g1215781-d26839169-Reviews-The_Fool_Speakeasy-Phuket_Town_Phuket.html,[],['นานาชาติ'],"29 Chanacharoen Road, Taladyai, เมืองภูเก็ต, จังหวัดภูเก็ต 83000 ไทย",ภูเก็ต,เมืองภูเก็ต,,83,8301,0,5.0,6
Fatty's,,,7.837334,98.34871,"['https://dynamic-media-cdn.tripadvisor.com/media/photo-o/03/55/a6/fa/300.jpg?w=500&h=-1&s=1', 'https://dynamic-media-cdn.tripadvisor.com/media/photo-o/0a/28/24/8c/photo3jpg.jpg?w=500&h=-1&s=1', 'https://dynamic-media-cdn.tripadvisor.com/media/photo-o/16/8e/72/ee/fatty-s.jpg?w=500&h=-1&s=1', 'https://dynamic-media-cdn.tripadvisor.com/media/photo-o/12/31/a9/23/photo0jpg.jpg?w=500&h=-1&s=1', 'https://dynamic-media-cdn.tripadvisor.com/media/photo-o/16/8e/72/ed/fatty-s.jpg?w=500&h=-1&s=1', 'https://dynamic-media-cdn.tripadvisor.com/media/photo-o/07/ad/12/97/fatty-s.jpg?w=500&h=-1&s=1', 'https://dynamic-media-cdn.tripadvisor.com/media/photo-o/0e/c4/27/ca/photo3jpg.jpg?w=500&h=-1&s=1', 'https://dynamic-media-cdn.tripadvisor.com/media/photo-o/0e/c4/27/c7/photo0jpg.jpg?w=500&h=-1&s=1', 'https://dynamic-media-cdn.tripadvisor.com/media/photo-o/15/84/68/36/20180913-191837-largejpg.jpg?w=500&h=-1&s=1', 'https://dynamic-media-cdn.tripadvisor.com/media/photo-o/05/34/f0/64/fatty-s.jpg?w=500&h=-1&s=1', 'https://dynamic-media-cdn.tripadvisor.com/media/photo-o/0a/28/24/8d/photo4jpg.jpg?w=500&h=-1&s=1', 'https://dynamic-media-cdn.tripadvisor.com/media/photo-o/07/46/36/3c/fatty-s.jpg?w=500&h=-1&s=1', 'https://dynamic-media-cdn.tripadvisor.com/media/photo-o/15/84/68/37/20180913-191842-largejpg.jpg?w=500&h=-1&s=1', 'https://dynamic-media-cdn.tripadvisor.com/media/photo-o/14/c7/94/4c/photo0jpg.jpg?w=500&h=-1&s=1', 'https://dynamic-media-cdn.tripadvisor.com/media/photo-o/05/9a/1f/74/steak-and-mash-potato.jpg?w=500&h=-1&s=1']",+66 81 894 1804,https://th.tripadvisor.com/Restaurant_Review-g1389361-d2734344-Reviews-Fatty_s-Chalong_Phuket_Town_Phuket.html,"['Wifi ฟรี', 'การจอง', 'ซื้อกลับบ้าน', 'ที่นั่ง', 'ที่นั่งกลางแจ้ง', 'บริการเครื่องดื่มแอลกอฮอล์', 'บริการเสิร์ฟถึงโต๊ะ', 'บาร์เต็มรูปแบบ', 'มีที่จอดรถ', 'โทรทัศน์']","['ยุโรป', 'เยอรมนี']","ถนนเจ้าฟ้าใน, ฉลอง, เมืองภูเก็ต, จังหวัดภูเก็ต ไทย",ภูเก็ต,เมืองภูเก็ต,,83,8301,0,4.5,176
One Love Bar & Restaurant,,,7.810612,98.40239,"['https://dynamic-media-cdn.tripadvisor.com/media/photo-o/15/67/d7/e1/onelove.jpg?w=500&h=-1&s=1', 'https://dynamic-media-cdn.tripadvisor.com/media/photo-o/1b/30/2d/60/fruits-de-mer.jpg?w=500&h=-1&s=1', 'https://dynamic-media-cdn.tripadvisor.com/media/photo-o/15/79/86/68/pad-thai.jpg?w=500&h=-1&s=1', 'https://dynamic-media-cdn.tripadvisor.com/media/photo-o/19/da/2f/58/one-love-bar-restaurant.jpg?w=500&h=-1&s=1', 'https://dynamic-media-cdn.tripadvisor.com/media/photo-o/16/07/81/b8/one-love-bar-restaurant.jpg?w=500&h=-1&s=1', 'https://dynamic-media-cdn.tripadvisor.com/media/photo-o/16/27/8a/43/20190119-192639-largejpg.jpg?w=500&h=-1&s=1', 'https://dynamic-media-cdn.tripadvisor.com/media/photo-o/19/c3/33/89/sate-with-homemade-peanut.jpg?w=500&h=-1&s=1', 'https://dynamic-media-cdn.tripadvisor.com/media/photo-o/15/6f/b4/1b/photo2jpg.jpg?w=500&h=-1&s=1', 'https://dynamic-media-cdn.tripadvisor.com/media/photo-o/1a/51/35/79/one-love-bar-restaurant.jpg?w=500&h=-1&s=1', 'https://dynamic-media-cdn.tripadvisor.com/media/photo-o/19/d2/bc/40/img-20191026-205149-largejpg.jpg?w=500&h=-1&s=1', 'https://dynamic-media-cdn.tripadvisor.com/media/photo-o/16/27/8a/45/20190119-191353-largejpg.jpg?w=500&h=-1&s=1', 'https://dynamic-media-cdn.tripadvisor.com/media/photo-o/15/c3/85/6c/photo0jpg.jpg?w=500&h=-1&s=1', 'https://dynamic-media-cdn.tripadvisor.com/media/photo-o/1b/30/2d/65/pad-thai.jpg?w=500&h=-1&s=1', 'https://dynamic-media-cdn.tripadvisor.com/media/photo-o/1a/33/5e/8c/img-20191114-200150-largejpg.jpg?w=500&h=-1&s=1', 'https://dynamic-media-cdn.tripadvisor.com/media/photo-o/1a/d0/b6/76/photo0jpg.jpg?w=500&h=-1&s=1']",+46 8 990 903 39,https://th.tripadvisor.com/Restaurant_Review-g2315814-d15360008-Reviews-One_Love_Bar_Restaurant-Wichit_Phuket_Town_Phuket.html,"['การจอง', 'ซื้อกลับบ้าน', 'ที่นั่ง', 'บริการเครื่องดื่มแอลกอฮอล์', 'บริการเสิร์ฟถึงโต๊ะ']","['เอเชีย', 'ไทย']","19/27 หมู่ 8 ถนน ศักดิเดก Cape Panwa, วิชิต, เมืองภูเก็ต, จังหวัดภูเก็ต ไทย",ภูเก็ต,เมืองภูเก็ต,,83,8301,0,5.0,72
FIVE Loaves Burgers & Cafe’,,฿95.00 – ฿599.00,7.883525,98.393135,"['https://dynamic-media-cdn.tripadvisor.com/media/photo-o/15/15/e6/f1/mark-cafe.jpg?w=500&h=-1&s=1', 'https://dynamic-media-cdn.tripadvisor.com/media/photo-o/15/13/0d/73/abundant-life-burger.jpg?w=500&h=-1&s=1', 'https://dynamic-media-cdn.tripadvisor.com/media/photo-o/15/c2/03/8c/infinity-burgers.jpg?w=500&h=-1&s=1', 'https://dynamic-media-cdn.tripadvisor.com/media/photo-o/15/13/0c/51/the-best-burger-in-town.jpg?w=500&h=-1&s=1', 'https://dynamic-media-cdn.tripadvisor.com/media/photo-o/25/20/bd/8c/infinity.jpg?w=500&h=-1&s=1', 'https://dynamic-media-cdn.tripadvisor.com/media/photo-o/25/20/be/b5/games-available.jpg?w=500&h=-1&s=1', 'https://dynamic-media-cdn.tripadvisor.com/media/photo-o/25/20/be/b3/photo-corner.jpg?w=500&h=-1&s=1', 'https://dynamic-media-cdn.tripadvisor.com/media/photo-o/25/20/be/b1/milkshake.jpg?w=500&h=-1&s=1', 'https://dynamic-media-cdn.tripadvisor.com/media/photo-o/25/20/be/ae/milkshake.jpg?w=500&h=-1&s=1', 'https://dynamic-media-cdn.tripadvisor.com/media/photo-o/25/20/be/ad/cozy-ambiance.jpg?w=500&h=-1&s=1', 'https://dynamic-media-cdn.tripadvisor.com/media/photo-o/25/20/bd/a1/homemade-pickle.jpg?w=500&h=-1&s=1', 'https://dynamic-media-cdn.tripadvisor.com/media/photo-o/25/20/bd/9f/at-patong-branch.jpg?w=500&h=-1&s=1', 'https://dynamic-media-cdn.tripadvisor.com/media/photo-o/25/20/bd/91/customized-burger.jpg?w=500&h=-1&s=1', 'https://dynamic-media-cdn.tripadvisor.com/media/photo-o/0f/d8/2f/06/mark-cafe.jpg?w=500&h=-1&s=1', 'https://dynamic-media-cdn.tripadvisor.com/media/photo-o/1c/2e/4a/47/photo0jpg.jpg?w=500&h=-1&s=1']",+66 92 920 3233,https://th.tripadvisor.com/Restaurant_Review-g2315818-d12579571-Reviews-FIVE_Loaves_Burgers_Cafe-Talat_Yai_Phuket_Town_Phuket.html,"['Wifi ฟรี', 'การจอง', 'ซื้อกลับบ้าน', 'ที่จอดรถริมถนน', 'ที่นั่ง', 'บริการเสิร์ฟถึงโต๊ะ', 'มีเก้าอี้สูงสำหรับเด็ก', 'รับบัตรเครดิต', 'ร้านอาหารปลอดบุหรี่']","['อาหารจานด่วน', 'อเมริกัน']","169 ถนนพังงา, ตลาดใหญ่, เมืองภูเก็ต, จังหวัดภูเก็ต 83000 ไทย",ภูเก็ต,เมืองภูเก็ต,,83,8301,0,4.5,98
O Bao,,,7.883749,98.390175,[''],+66 94 734 3578,https://th.tripadvisor.com/Restaurant_Review-g1215781-d23891191-Reviews-O_Bao-Phuket_Town_Phuket.html,"['ที่นั่ง', 'บริการเสิร์ฟถึงโต๊ะ']","['ฟิวชั่น', 'ร่วมสมัย', 'อาหารจานด่วน', 'อาหารริมถนน', 'เอเชีย']","103 Phang Nga Road, เมืองภูเก็ต, จังหวัดภูเก็ต 83000 ไทย",ภูเก็ต,เมืองภูเก็ต,,83,8301,0,5.0,14
ไม้หมอนฟอเรสต์,,฿70.00 – ฿450.00,7.884074,98.394585,"['https://dynamic-media-cdn.tripadvisor.com/media/photo-o/21/70/9f/bc/1.jpg?w=500&h=-1&s=1', 'https://dynamic-media-cdn.tripadvisor.com/media/photo-o/21/70/b4/97/caption.jpg?w=500&h=-1&s=1', 'https://dynamic-media-cdn.tripadvisor.com/media/photo-o/21/70/b4/7d/caption.jpg?w=500&h=-1&s=1', 'https://dynamic-media-cdn.tripadvisor.com/media/photo-o/21/70/b4/64/caption.jpg?w=500&h=-1&s=1', 'https://dynamic-media-cdn.tripadvisor.com/media/photo-o/21/70/b4/54/caption.jpg?w=500&h=-1&s=1', 'https://dynamic-media-cdn.tripadvisor.com/media/photo-o/21/70/b4/50/caption.jpg?w=500&h=-1&s=1', 'https://dynamic-media-cdn.tripadvisor.com/media/photo-o/21/70/b4/32/caption.jpg?w=500&h=-1&s=1', 'https://dynamic-media-cdn.tripadvisor.com/media/photo-o/21/70/b4/06/caption.jpg?w=500&h=-1&s=1', 'https://dynamic-media-cdn.tripadvisor.com/media/photo-o/21/70/b3/ef/caption.jpg?w=500&h=-1&s=1', 'https://dynamic-media-cdn.tripadvisor.com/media/photo-o/21/70/b3/e3/caption.jpg?w=500&h=-1&s=1', 'https://dynamic-media-cdn.tripadvisor.com/media/photo-o/21/70/b3/c3/caption.jpg?w=500&h=-1&s=1', 'https://dynamic-media-cdn.tripadvisor.com/media/photo-o/21/70/b3/9f/caption.jpg?w=500&h=-1&s=1', 'https://dynamic-media-cdn.tripadvisor.com/media/photo-o/21/70/b3/82/caption.jpg?w=500&h=-1&s=1', 'https://dynamic-media-cdn.tripadvisor.com/media/photo-o/21/70/b3/7c/caption.jpg?w=500&h=-1&s=1', 'https://dynamic-media-cdn.tripadvisor.com/media/photo-o/21/70/b3/73/caption.jpg?w=500&h=-1&s=1']",+66 89 619 1845,https://th.tripadvisor.com/Restaurant_Review-g2315818-d16779429-Reviews-Maimorn_Forest-Talat_Yai_Phuket_Town_Phuket.html,[],"['บาร์ร้านอาหาร', 'ร้านอาหารมีเบียร์ให้บริการ', 'อาหารจานด่วน', 'อาหารทะเล', 'ไทย']","9 ถ.พังงา, ตลาดใหญ่, เมืองภูเก็ต, จังหวัดภูเก็ต 83000 ไทย",ภูเก็ต,เมืองภูเก็ต,,83,8301,0,4.5,9
Jadjan by Ko Dang,,,7.887826,98.39068,"['https://dynamic-media-cdn.tripadvisor.com/media/photo-o/2b/69/e4/e4/caption.jpg?w=500&h=-1&s=1', 'https://dynamic-media-cdn.tripadvisor.com/media/photo-o/2b/69/e4/e3/caption.jpg?w=500&h=-1&s=1', 'https://dynamic-media-cdn.tripadvisor.com/media/photo-o/2b/69/e4/e2/caption.jpg?w=500&h=-1&s=1', 'https://dynamic-media-cdn.tripadvisor.com/media/photo-o/2b/69/e4/e1/caption.jpg?w=500&h=-1&s=1', 'https://dynamic-media-cdn.tripadvisor.com/media/photo-o/2b/69/e4/e0/caption.jpg?w=500&h=-1&s=1', 'https://dynamic-media-cdn.tripadvisor.com/media/photo-o/29/e4/af/f2/caption.jpg?w=500&h=-1&s=1', 'https://dynamic-media-cdn.tripadvisor.com/media/photo-o/29/e4/af/f1/caption.jpg?w=500&h=-1&s=1', 'https://dynamic-media-cdn.tripadvisor.com/media/photo-o/29/e4/af/f0/caption.jpg?w=500&h=-1&s=1', 'https://dynamic-media-cdn.tripadvisor.com/media/photo-o/29/e4/af/ef/caption.jpg?w=500&h=-1&s=1', 'https://dynamic-media-cdn.tripadvisor.com/media/photo-o/29/e4/af/ee/caption.jpg?w=500&h=-1&s=1', 'https://dynamic-media-cdn.tripadvisor.com/media/photo-o/29/e4/af/ed/caption.jpg?w=500&h=-1&s=1', 'https://dynamic-media-cdn.tripadvisor.com/media/photo-o/29/e4/af/ec/caption.jpg?w=500&h=-1&s=1', 'https://dynamic-media-cdn.tripadvisor.com/media/photo-o/29/e4/af/eb/caption.jpg?w=500&h=-1&s=1', 'https://dynamic-media-cdn.tripadvisor.com/media/photo-o/29/76/14/85/tom-yum-goong-plain-omelette.jpg?w=500&h=-1&s=1', 'https://dynamic-media-cdn.tripadvisor.com/media/photo-o/29/76/14/84/tom-yum-goong-plain-omelette.jpg?w=500&h=-1&s=1']",+66 89 868 1954,https://th.tripadvisor.com/Restaurant_Review-g1215781-d25372345-Reviews-Jadjan_by_Ko_Dang-Phuket_Town_Phuket.html,"['Mastercard', 'Visa', 'การจอง', 'ที่จอดรถริมถนน', 'ที่นั่ง', 'ที่นั่งกลางแจ้ง', 'รับบัตรเครดิต', 'รับเฉพาะเงินสด']",['ไทย'],"4/27 Sakdidet Road, Talad Nuea, Phuket, Tha, เมืองภูเก็ต, จังหวัดภูเก็ต 83000 ไทย",ภูเก็ต,เมืองภูเก็ต,,83,8301,0,5.0,5
Delico Cafe & Restaurant,,฿70.00 – ฿799.00,7.922573,98.37131,"['https://dynamic-media-cdn.tripadvisor.com/media/photo-o/25/e1/98/02/delico-cafe-restaurant.jpg?w=500&h=-1&s=1', 'https://dynamic-media-cdn.tripadvisor.com/media/photo-o/25/e1/b8/ae/fresh-fruit-drink.jpg?w=500&h=-1&s=1', 'https://dynamic-media-cdn.tripadvisor.com/media/photo-o/25/e1/b8/69/delico-means-happiness.jpg?w=500&h=-1&s=1', 'https://dynamic-media-cdn.tripadvisor.com/media/photo-o/25/e1/af/93/fusion-food.jpg?w=500&h=-1&s=1', 'https://dynamic-media-cdn.tripadvisor.com/media/photo-o/25/e1/ae/c6/special-set-on-special.jpg?w=500&h=-1&s=1', 'https://dynamic-media-cdn.tripadvisor.com/media/photo-o/25/e1/a1/76/variety-of-signature.jpg?w=500&h=-1&s=1', 'https://dynamic-media-cdn.tripadvisor.com/media/photo-o/25/e1/a0/42/don-t-miss-for-cake-and.jpg?w=500&h=-1&s=1', 'https://dynamic-media-cdn.tripadvisor.com/media/photo-o/25/e1/9f/07/our-restaurant-serves.jpg?w=500&h=-1&s=1', 'https://dynamic-media-cdn.tripadvisor.com/media/photo-o/25/e1/9b/71/afternoon-tea-set.jpg?w=500&h=-1&s=1', 'https://dynamic-media-cdn.tripadvisor.com/media/photo-o/25/e1/9a/5b/delico-not-to-be-missed.jpg?w=500&h=-1&s=1', 'https://dynamic-media-cdn.tripadvisor.com/media/photo-o/25/e1/96/ba/meets-and-enjoys-with.jpg?w=500&h=-1&s=1', 'https://dynamic-media-cdn.tripadvisor.com/media/photo-o/25/e1/96/25/art-is-a-part-of-life.jpg?w=500&h=-1&s=1', 'https://dynamic-media-cdn.tripadvisor.com/media/photo-o/25/e1/92/87/enjoy-your-time-with.jpg?w=500&h=-1&s=1', 'https://dynamic-media-cdn.tripadvisor.com/media/photo-o/25/e1/90/c3/delico-design-by-crazy.jpg?w=500&h=-1&s=1', 'https://dynamic-media-cdn.tripadvisor.com/media/photo-o/25/e1/8e/d6/delico-inspiration-and.jpg?w=500&h=-1&s=1']",+66 98 274 0247,https://th.tripadvisor.com/Restaurant_Review-g2315815-d19142111-Reviews-Delico_Cafe_Restaurant-Ratsada_Phuket_Town_Phuket.html,[],"['นานาชาติ', 'ฟิวชั่น', 'ร้านกาแฟ', 'ร้านอาหารมีเบียร์ให้บริการ', 'ไทย']","107/48 หมู่ที่ 5, รัษฎา, เมืองภูเก็ต, จังหวัดภูเก็ต 83000 ไทย",ภูเก็ต,เมืองภูเก็ต,,83,8301,0,4.5,16
VIVA PoolBar and Restaurant,,,7.908867,98.379295,"['https://dynamic-media-cdn.tripadvisor.com/media/photo-o/2b/4d/76/70/caption.jpg?w=500&h=-1&s=1', 'https://dynamic-media-cdn.tripadvisor.com/media/photo-o/26/9c/b0/17/viva-poolbar-and-restaurant.jpg?w=500&h=-1&s=1', 'https://dynamic-media-cdn.tripadvisor.com/media/photo-o/26/9c/b0/0b/viva-poolbar-and-restaurant.jpg?w=500&h=-1&s=1', 'https://dynamic-media-cdn.tripadvisor.com/media/photo-o/23/83/37/29/caption.jpg?w=500&h=-1&s=1', 'https://dynamic-media-cdn.tripadvisor.com/media/photo-o/23/83/37/28/caption.jpg?w=500&h=-1&s=1', 'https://dynamic-media-cdn.tripadvisor.com/media/photo-o/23/83/37/27/caption.jpg?w=500&h=-1&s=1', 'https://dynamic-media-cdn.tripadvisor.com/media/photo-o/21/57/a7/db/viva-poolbar-and-restaurant.jpg?w=500&h=-1&s=1', 'https://dynamic-media-cdn.tripadvisor.com/media/photo-o/21/55/4f/4c/tiramisu.jpg?w=500&h=-1&s=1', 'https://dynamic-media-cdn.tripadvisor.com/media/photo-o/21/55/4b/ee/pool-view.jpg?w=500&h=-1&s=1', 'https://dynamic-media-cdn.tripadvisor.com/media/photo-o/21/55/4b/d5/poolbar-area.jpg?w=500&h=-1&s=1', 'https://dynamic-media-cdn.tripadvisor.com/media/photo-o/21/55/4b/d3/dining-room-sofa-seat.jpg?w=500&h=-1&s=1', 'https://dynamic-media-cdn.tripadvisor.com/media/photo-o/21/55/4b/c4/red-wine.jpg?w=500&h=-1&s=1', 'https://dynamic-media-cdn.tripadvisor.com/media/photo-o/21/55/4b/c3/dining-room.jpg?w=500&h=-1&s=1', 'https://dynamic-media-cdn.tripadvisor.com/media/photo-o/21/55/4b/b5/outdoor-area.jpg?w=500&h=-1&s=1', 'https://dynamic-media-cdn.tripadvisor.com/media/photo-o/21/55/4b/b0/pizza.jpg?w=500&h=-1&s=1']",+66 65 348 4843,https://th.tripadvisor.com/Restaurant_Review-g2315815-d23730422-Reviews-VIVA_PoolBar_and_Restaurant-Ratsada_Phuket_Town_Phuket.html,['การจอง'],"['พิซซ่า', 'อิตาลี', 'ไทย']","3/41 Soi Samkong, 1, รัษฎา, เมืองภูเก็ต, จังหวัดภูเก็ต 83000 ไทย",ภูเก็ต,เมืองภูเก็ต,,83,8301,0,5.0,9
Mr. Gung Korean Bbq,,,7.839648,98.348885,"['https://dynamic-media-cdn.tripadvisor.com/media/photo-o/0f/b5/d0/75/photo0jpg.jpg?w=500&h=-1&s=1', 'https://dynamic-media-cdn.tripadvisor.com/media/photo-o/15/7f/7f/8b/300-18-19.jpg?w=500&h=-1&s=1', 'https://dynamic-media-cdn.tripadvisor.com/media/photo-o/15/7f/7f/8c/300-18-19.jpg?w=500&h=-1&s=1', 'https://dynamic-media-cdn.tripadvisor.com/media/photo-o/16/2a/ee/8d/delicious-sauces.jpg?w=500&h=-1&s=1', 'https://dynamic-media-cdn.tripadvisor.com/media/photo-o/16/2a/ee/4c/bacon-beef-and-chicken.jpg?w=500&h=-1&s=1', 'https://dynamic-media-cdn.tripadvisor.com/media/photo-o/16/2a/ee/09/beer-served-thai-style.jpg?w=500&h=-1&s=1', 'https://dynamic-media-cdn.tripadvisor.com/media/photo-o/29/38/48/07/caption.jpg?w=400&h=-1&s=1', 'https://dynamic-media-cdn.tripadvisor.com/media/photo-o/29/38/48/06/caption.jpg?w=500&h=-1&s=1']",+66 84 445 2778,https://th.tripadvisor.com/Restaurant_Review-g1389361-d12133258-Reviews-Mr_Gung_Korean_Bbq-Chalong_Phuket_Town_Phuket.html,[],"['บาร์บีคิว', 'เกาหลี']","ถนนเจ้าฟ้าตะวันออก, ฉลอง, เมืองภูเก็ต, จังหวัดภูเก็ต 83000 ไทย",ภูเก็ต,เมืองภูเก็ต,,83,8301,0,4.0,10
Anfield Cafe,,,7.883683,98.38756,"['https://dynamic-media-cdn.tripadvisor.com/media/photo-o/07/95/67/af/anfield-cafe.jpg?w=500&h=-1&s=1', 'https://dynamic-media-cdn.tripadvisor.com/media/photo-o/1b/4b/92/2c/20190718-222349-largejpg.jpg?w=500&h=-1&s=1', 'https://dynamic-media-cdn.tripadvisor.com/media/photo-o/16/08/70/19/prawn-rice.jpg?w=500&h=-1&s=1', 'https://dynamic-media-cdn.tripadvisor.com/media/photo-o/18/99/fa/af/photo1jpg.jpg?w=500&h=-1&s=1', 'https://dynamic-media-cdn.tripadvisor.com/media/photo-o/1b/4b/92/2b/img-20190719-wa0024-largejpg.jpg?w=500&h=-1&s=1', 'https://dynamic-media-cdn.tripadvisor.com/media/photo-o/18/99/fa/ae/photo0jpg.jpg?w=500&h=-1&s=1', 'https://dynamic-media-cdn.tripadvisor.com/media/photo-o/12/74/ef/e4/jpeg-20180328-130450.jpg?w=500&h=-1&s=1', 'https://dynamic-media-cdn.tripadvisor.com/media/photo-o/18/c2/38/c5/photo0jpg.jpg?w=500&h=-1&s=1', 'https://dynamic-media-cdn.tripadvisor.com/media/photo-o/11/c9/7b/88/photo0jpg.jpg?w=500&h=-1&s=1', 'https://dynamic-media-cdn.tripadvisor.com/media/photo-o/1b/4b/92/2a/20190718-222334-largejpg.jpg?w=500&h=-1&s=1', 'https://dynamic-media-cdn.tripadvisor.com/media/photo-o/16/08/70/6b/chicken-server-hot-and.jpg?w=500&h=-1&s=1', 'https://dynamic-media-cdn.tripadvisor.com/media/photo-o/07/98/b6/e0/anfield-cafe.jpg?w=500&h=-1&s=1', 'https://dynamic-media-cdn.tripadvisor.com/media/photo-o/18/c2/38/c6/photo1jpg.jpg?w=500&h=-1&s=1', 'https://dynamic-media-cdn.tripadvisor.com/media/photo-o/08/2a/e4/e8/anfield-cafe.jpg?w=500&h=-1&s=1', 'https://dynamic-media-cdn.tripadvisor.com/media/photo-o/08/2a/e4/ec/anfield-cafe.jpg?w=500&h=-1&s=1']",+66 85 151 9951,https://th.tripadvisor.com/Restaurant_Review-g2315818-d7707011-Reviews-Anfield_Cafe-Talat_Yai_Phuket_Town_Phuket.html,"['Wifi ฟรี', 'ที่นั่ง', 'บริการเครื่องดื่มแอลกอฮอล์', 'บริการเสิร์ฟถึงโต๊ะ', 'โทรทัศน์']","['เอเชีย', 'ไทย']","16 ถ. เยาวราช, ตลาดใหญ่, เมืองภูเก็ต, จังหวัดภูเก็ต 83000 ไทย",ภูเก็ต,เมืองภูเก็ต,,83,8301,0,4.5,35
Used Books Cafe,,,7.812832,98.389534,"['https://dynamic-media-cdn.tripadvisor.com/media/photo-o/11/8b/71/45/pad-thai-guang.jpg?w=500&h=-1&s=1', 'https://dynamic-media-cdn.tripadvisor.com/media/photo-o/11/8b/71/47/fried-rice.jpg?w=500&h=-1&s=1', 'https://dynamic-media-cdn.tripadvisor.com/media/photo-o/11/8b/71/43/lovely-place.jpg?w=500&h=-1&s=1', 'https://dynamic-media-cdn.tripadvisor.com/media/photo-o/11/49/86/62/beautiful-sunset-at-ao.jpg?w=500&h=-1&s=1', 'https://dynamic-media-cdn.tripadvisor.com/media/photo-o/11/8b/71/37/relax-corner.jpg?w=400&h=-1&s=1', 'https://dynamic-media-cdn.tripadvisor.com/media/photo-o/11/53/45/e8/thai-cooking-class-used.jpg?w=500&h=-1&s=1', 'https://dynamic-media-cdn.tripadvisor.com/media/photo-o/11/8b/71/3c/amazing-view.jpg?w=500&h=-1&s=1', 'https://dynamic-media-cdn.tripadvisor.com/media/photo-o/0f/cb/1c/fa/book-shop.jpg?w=500&h=-1&s=1', 'https://dynamic-media-cdn.tripadvisor.com/media/photo-o/1d/97/97/6c/caption.jpg?w=500&h=-1&s=1', 'https://dynamic-media-cdn.tripadvisor.com/media/photo-o/1d/97/97/6d/caption.jpg?w=500&h=-1&s=1', 'https://dynamic-media-cdn.tripadvisor.com/media/photo-o/1d/97/97/6f/caption.jpg?w=500&h=-1&s=1', 'https://dynamic-media-cdn.tripadvisor.com/media/photo-o/1d/97/97/68/caption.jpg?w=500&h=-1&s=1', 'https://dynamic-media-cdn.tripadvisor.com/media/photo-o/1d/90/f1/ec/used-books-cafe.jpg?w=500&h=-1&s=1', 'https://dynamic-media-cdn.tripadvisor.com/media/photo-o/1d/97/97/6e/caption.jpg?w=500&h=-1&s=1', 'https://dynamic-media-cdn.tripadvisor.com/media/photo-o/1d/97/97/70/caption.jpg?w=500&h=-1&s=1']",+66 89 729 1968,https://th.tripadvisor.com/Restaurant_Review-g2315814-d12605399-Reviews-Used_Books_Cafe-Wichit_Phuket_Town_Phuket.html,[],"['ร้านกาแฟ', 'เอเชีย', 'ไทย']","6/16 Aoyon Beach Muang, Phuket, วิชิต, เมืองภูเก็ต, จังหวัดภูเก็ต 83000 ไทย",ภูเก็ต,เมืองภูเก็ต,,83,8301,0,4.5,46
Talung Lounge,,,7.88095,98.39237,"['https://dynamic-media-cdn.tripadvisor.com/media/photo-o/2b/a0/22/8d/lifestyle.jpg?w=500&h=-1&s=1', 'https://dynamic-media-cdn.tripadvisor.com/media/photo-o/2b/a0/22/8e/lifestyle.jpg?w=500&h=-1&s=1', 'https://dynamic-media-cdn.tripadvisor.com/media/photo-o/21/8a/78/03/talung-lounge.jpg?w=500&h=-1&s=1', 'https://dynamic-media-cdn.tripadvisor.com/media/photo-o/21/8a/78/02/talung-lounge.jpg?w=500&h=-1&s=1', 'https://dynamic-media-cdn.tripadvisor.com/media/photo-o/21/8a/77/fd/cocktails.jpg?w=500&h=-1&s=1', 'https://dynamic-media-cdn.tripadvisor.com/media/photo-o/21/8a/77/fa/cocktail-making.jpg?w=500&h=-1&s=1', 'https://dynamic-media-cdn.tripadvisor.com/media/photo-o/21/8a/77/55/talung-lounge.jpg?w=500&h=-1&s=1', 'https://dynamic-media-cdn.tripadvisor.com/media/photo-o/2b/c9/43/de/caption.jpg?w=500&h=-1&s=1', 'https://dynamic-media-cdn.tripadvisor.com/media/photo-o/2b/c9/43/9a/caption.jpg?w=500&h=-1&s=1', 'https://dynamic-media-cdn.tripadvisor.com/media/photo-o/2b/c9/43/93/caption.jpg?w=500&h=-1&s=1', 'https://dynamic-media-cdn.tripadvisor.com/media/photo-o/2a/cc/b8/fc/caption.jpg?w=500&h=-1&s=1', 'https://dynamic-media-cdn.tripadvisor.com/media/photo-o/2a/cc/b8/10/caption.jpg?w=500&h=-1&s=1', 'https://dynamic-media-cdn.tripadvisor.com/media/photo-o/29/aa/dc/a0/caption.jpg?w=500&h=-1&s=1', 'https://dynamic-media-cdn.tripadvisor.com/media/photo-o/29/aa/dc/9e/caption.jpg?w=500&h=-1&s=1', 'https://dynamic-media-cdn.tripadvisor.com/media/photo-o/28/aa/12/14/caption.jpg?w=500&h=-1&s=1']",+66 76 643 555,https://th.tripadvisor.com/Restaurant_Review-g1215781-d23744673-Reviews-Talung_Lounge-Phuket_Town_Phuket.html,"['การจอง', 'ซื้อกลับบ้าน', 'ที่นั่ง', 'ที่นั่งกลางแจ้ง', 'บริการเครื่องดื่มแอลกอฮอล์', 'บริการเสิร์ฟถึงโต๊ะ', 'มีที่จอดรถ', 'รับบัตรเครดิต']","['นานาชาติ', 'บาร์', 'บาร์ร้านอาหาร', 'ร้านกาแฟ', 'ไทย', 'ไวน์บาร์']","1 ซอยสุรินทร์ ตำบลตลาดใหญ่, เมืองภูเก็ต, จังหวัดภูเก็ต 83000 ไทย",ภูเก็ต,เมืองภูเก็ต,,83,8301,0,5.0,49
ร้านดอกบัว,,,7.901366,98.377594,"['https://dynamic-media-cdn.tripadvisor.com/media/photo-o/05/2b/93/18/views-inside.jpg?w=500&h=-1&s=1', 'https://dynamic-media-cdn.tripadvisor.com/media/photo-o/0c/3a/2e/6f/lotus-vegetarian-restaurant.jpg?w=500&h=-1&s=1', 'https://dynamic-media-cdn.tripadvisor.com/media/photo-o/11/73/c8/ae/dsc-0015-largejpg.jpg?w=500&h=-1&s=1', 'https://dynamic-media-cdn.tripadvisor.com/media/photo-o/05/a3/ff/e2/dok-bua-vegetarian-restaurant.jpg?w=500&h=-1&s=1', 'https://dynamic-media-cdn.tripadvisor.com/media/photo-o/05/3c/25/ef/dok-bua-vegetarian-restaurant.jpg?w=500&h=-1&s=1', 'https://dynamic-media-cdn.tripadvisor.com/media/photo-o/06/32/04/60/dok-bua-vegetarian-restaurant.jpg?w=500&h=-1&s=1', 'https://dynamic-media-cdn.tripadvisor.com/media/photo-o/05/3c/26/5d/dok-bua-vegetarian-restaurant.jpg?w=500&h=-1&s=1', 'https://dynamic-media-cdn.tripadvisor.com/media/photo-o/05/3c/2e/89/dok-bua-vegetarian-restaurant.jpg?w=500&h=-1&s=1', 'https://dynamic-media-cdn.tripadvisor.com/media/photo-o/15/8c/a1/5e/dok-bua-vegetarian-restaurant.jpg?w=500&h=-1&s=1', 'https://dynamic-media-cdn.tripadvisor.com/media/photo-o/15/8c/a1/5f/dok-bua-vegetarian-restaurant.jpg?w=500&h=-1&s=1', 'https://dynamic-media-cdn.tripadvisor.com/media/photo-o/05/2b/93/41/foods.jpg?w=500&h=-1&s=1', 'https://dynamic-media-cdn.tripadvisor.com/media/photo-o/06/32/04/4c/dok-bua-vegetarian-restaurant.jpg?w=500&h=-1&s=1', 'https://dynamic-media-cdn.tripadvisor.com/media/photo-o/05/3c/25/d1/dok-bua-vegetarian-restaurant.jpg?w=500&h=-1&s=1', 'https://dynamic-media-cdn.tripadvisor.com/media/photo-o/0c/3a/2e/11/lotus-vegetarian-restaurant.jpg?w=500&h=-1&s=1', 'https://dynamic-media-cdn.tripadvisor.com/media/photo-o/0b/6c/63/2a/las-salchichas-falsas.jpg?w=500&h=-1&s=1']",+66 76 211 985,https://th.tripadvisor.com/Restaurant_Review-g1215781-d5582187-Reviews-Dok_Bua_Vegetarian_Restaurant-Phuket_Town_Phuket.html,"['การจอง', 'ซื้อกลับบ้าน', 'ที่นั่ง', 'ที่นั่งกลางแจ้ง', 'บริการเสิร์ฟถึงโต๊ะ']","['เอเชีย', 'ไทย']","2 ซอยราชพฤกษ์ ถัดจากโรงพยาบาลกรุงเทพฯ ตรงข้ามร้าน wedding, เมืองภูเก็ต, จังหวัดภูเก็ต 83100 ไทย",ภูเก็ต,เมืองภูเก็ต,,83,8301,0,4.5,44
เอ็มเคเรสเตอรองท์,,,7.89206,98.36842,"['https://dynamic-media-cdn.tripadvisor.com/media/photo-o/0e/5c/02/04/02.jpg?w=500&h=-1&s=1', 'https://dynamic-media-cdn.tripadvisor.com/media/photo-o/0c/4d/3d/ca/photo0jpg.jpg?w=500&h=-1&s=1', 'https://dynamic-media-cdn.tripadvisor.com/media/photo-o/06/1a/82/8d/mk-restaurants.jpg?w=500&h=-1&s=1', 'https://dynamic-media-cdn.tripadvisor.com/media/photo-o/19/ee/6e/8b/get-the-order.jpg?w=500&h=-1&s=1', 'https://dynamic-media-cdn.tripadvisor.com/media/photo-o/0c/42/cf/90/photo1jpg.jpg?w=500&h=-1&s=1', 'https://dynamic-media-cdn.tripadvisor.com/media/photo-o/10/45/62/7b/photo6jpg.jpg?w=500&h=-1&s=1', 'https://dynamic-media-cdn.tripadvisor.com/media/photo-o/0f/b0/7a/5c/caption.jpg?w=500&h=-1&s=1', 'https://dynamic-media-cdn.tripadvisor.com/media/photo-o/15/49/50/67/photo2jpg.jpg?w=500&h=-1&s=1', 'https://dynamic-media-cdn.tripadvisor.com/media/photo-o/0c/42/cf/8f/photo0jpg.jpg?w=500&h=-1&s=1', 'https://dynamic-media-cdn.tripadvisor.com/media/photo-o/10/45/62/78/photo4jpg.jpg?w=500&h=-1&s=1', 'https://dynamic-media-cdn.tripadvisor.com/media/photo-o/15/49/50/66/photo1jpg.jpg?w=500&h=-1&s=1', 'https://dynamic-media-cdn.tripadvisor.com/media/photo-o/12/77/a8/6a/20180328-134946-largejpg.jpg?w=500&h=-1&s=1', 'https://dynamic-media-cdn.tripadvisor.com/media/photo-o/15/49/50/6d/photo8jpg.jpg?w=500&h=-1&s=1', 'https://dynamic-media-cdn.tripadvisor.com/media/photo-o/12/77/a8/67/20180328-134935-largejpg.jpg?w=500&h=-1&s=1', 'https://dynamic-media-cdn.tripadvisor.com/media/photo-o/10/45/62/74/photo1jpg.jpg?w=500&h=-1&s=1']",0762497110,https://th.tripadvisor.com/Restaurant_Review-g1215781-d3711107-Reviews-Mk_Restaurants-Phuket_Town_Phuket.html,"['การจอง', 'ที่นั่ง', 'บริการเสิร์ฟถึงโต๊ะ', 'สะดวกสำหรับผู้ใช้รถเข็น']","['จีน', 'เอเชีย', 'ไทย']","74-75 Central Festival Phuket , Vichit Songkram Road , Vichit Subdistrict , Mueang Phuket District, เมืองภูเก็ต, จังหวัดภูเก็ต ไทย",ภูเก็ต,เมืองภูเก็ต,,83,8301,0,4.0,60
Muteki by Mugendai : Central Phuket,,,7.890293,98.36642,[''],,https://th.tripadvisor.com/Restaurant_Review-g1215781-d15143059-Reviews-Muteki_by_Mugendai_Central_Phuket-Phuket_Town_Phuket.html,[],"['ซูชิ', 'ญี่ปุ่น', 'เอเชีย']","หมู่ 5 ชั้น 3 เซ็นทรัล ภูเก็ต ฝั่ง ฟลอเรสต้า, เมืองภูเก็ต, จังหวัดภูเก็ต 83000 ไทย",ภูเก็ต,เมืองภูเก็ต,,83,8301,0,4.5,39
เดอะ เซอเคิล คอฟฟี่ บูติก - ฉลอง,,฿70.00 – ฿170.00,7.84663,98.334595,"['https://dynamic-media-cdn.tripadvisor.com/media/photo-o/10/ad/6e/93/getlstd-property-photo.jpg?w=500&h=-1&s=1', 'https://dynamic-media-cdn.tripadvisor.com/media/photo-o/12/e5/19/a7/on-site-made-red-velvet.jpg?w=500&h=-1&s=1', 'https://dynamic-media-cdn.tripadvisor.com/media/photo-o/13/17/f2/60/cacao-smoothie-bowl.jpg?w=500&h=-1&s=1', 'https://dynamic-media-cdn.tripadvisor.com/media/photo-o/19/30/6a/3c/padthai-with-our-homemade.jpg?w=500&h=-1&s=1', 'https://dynamic-media-cdn.tripadvisor.com/media/photo-o/19/30/6c/01/thai-pineaaple-fried.jpg?w=500&h=-1&s=1', 'https://dynamic-media-cdn.tripadvisor.com/media/photo-o/13/43/a3/ea/stir-fried-chicken-with.jpg?w=500&h=-1&s=1', 'https://dynamic-media-cdn.tripadvisor.com/media/photo-o/12/e5/1e/d4/homemade-pork-patty-cheese.jpg?w=500&h=-1&s=1', 'https://dynamic-media-cdn.tripadvisor.com/media/photo-o/12/e5/18/be/french-toast-with-seasonal.jpg?w=500&h=-1&s=1', 'https://dynamic-media-cdn.tripadvisor.com/media/photo-o/12/e5/1f/81/katsudon.jpg?w=500&h=-1&s=1', 'https://dynamic-media-cdn.tripadvisor.com/media/photo-o/14/f1/82/9b/smoked-salmon-open-faced.jpg?w=500&h=-1&s=1', 'https://dynamic-media-cdn.tripadvisor.com/media/photo-o/12/e5/1c/ae/banoffee-pancake-with.jpg?w=500&h=-1&s=1', 'https://dynamic-media-cdn.tripadvisor.com/media/photo-o/19/30/6d/69/chicken-with-cashew-nuts.jpg?w=500&h=-1&s=1', 'https://dynamic-media-cdn.tripadvisor.com/media/photo-o/13/22/a5/79/breakfast-set.jpg?w=500&h=-1&s=1', 'https://dynamic-media-cdn.tripadvisor.com/media/photo-o/13/17/f2/fd/breakfast-panna-cotta.jpg?w=500&h=-1&s=1', 'https://dynamic-media-cdn.tripadvisor.com/media/photo-o/12/ef/3f/d1/tunamelt.jpg?w=500&h=-1&s=1']",+66 88 752 3451,https://th.tripadvisor.com/Restaurant_Review-g1215781-d12911019-Reviews-The_Circle_Coffee_Boutique_Chalong-Phuket_Town_Phuket.html,"['Wifi ฟรี', 'ซื้อกลับบ้าน', 'ที่นั่ง', 'ที่นั่งกลางแจ้ง', 'มีที่จอดรถ']","['นานาชาติ', 'ร้านกาแฟ']","27/7 ถนนเจ้าฟ้า ตะวันตก ตำบลฉลอง, เมืองภูเก็ต, จังหวัดภูเก็ต 83130 ไทย",ภูเก็ต,เมืองภูเก็ต,,83,8301,0,5.0,46
ครัวเลิศรส,,,8.09276,98.29982,"['https://dynamic-media-cdn.tripadvisor.com/media/photo-o/15/d2/a1/61/our-dinning-room-interior.jpg?w=500&h=-1&s=1', 'https://dynamic-media-cdn.tripadvisor.com/media/photo-o/16/d5/3a/81/yellow-curry-phuket-style.jpg?w=500&h=-1&s=1', 'https://dynamic-media-cdn.tripadvisor.com/media/photo-o/16/d5/3a/f7/prawns-cake.jpg?w=500&h=-1&s=1', 'https://dynamic-media-cdn.tripadvisor.com/media/photo-o/15/d2/a4/61/made-to-order.jpg?w=500&h=-1&s=1', 'https://dynamic-media-cdn.tripadvisor.com/media/photo-o/19/49/be/ea/caption.jpg?w=500&h=-1&s=1', 'https://dynamic-media-cdn.tripadvisor.com/media/photo-o/19/49/be/f0/caption.jpg?w=500&h=-1&s=1', 'https://dynamic-media-cdn.tripadvisor.com/media/photo-o/2b/0d/16/19/caption.jpg?w=500&h=-1&s=1', 'https://dynamic-media-cdn.tripadvisor.com/media/photo-o/2b/0d/16/18/caption.jpg?w=500&h=-1&s=1', 'https://dynamic-media-cdn.tripadvisor.com/media/photo-o/2b/0d/16/17/caption.jpg?w=500&h=-1&s=1', 'https://dynamic-media-cdn.tripadvisor.com/media/photo-o/2b/0d/16/16/caption.jpg?w=500&h=-1&s=1', 'https://dynamic-media-cdn.tripadvisor.com/media/photo-o/2b/0d/16/15/caption.jpg?w=500&h=-1&s=1', 'https://dynamic-media-cdn.tripadvisor.com/media/photo-o/2b/0d/16/14/caption.jpg?w=500&h=-1&s=1', 'https://dynamic-media-cdn.tripadvisor.com/media/photo-o/2b/0d/16/13/caption.jpg?w=500&h=-1&s=1', 'https://dynamic-media-cdn.tripadvisor.com/media/photo-o/2b/0d/16/12/caption.jpg?w=500&h=-1&s=1', 'https://dynamic-media-cdn.tripadvisor.com/media/photo-o/2b/0d/16/11/caption.jpg?w=500&h=-1&s=1']",+66 76 530 522,https://th.tripadvisor.com/Restaurant_Review-g1215781-d14974313-Reviews-Lertrod_Kitchen-Phuket_Town_Phuket.html,"['Wifi ฟรี', 'การจอง', 'ซื้อกลับบ้าน', 'ที่จอดรถริมถนน', 'ที่นั่ง', 'บริการส่ง', 'บริการเครื่องดื่มแอลกอฮอล์', 'บริการเสิร์ฟถึงโต๊ะ', 'รับชำระเงินแบบดิจิทัล', 'รับบัตรเครดิต', 'โทรทัศน์']","['อาหารทะเล', 'เอเชีย', 'ไทย']","17/7 ถนนในยาง Thai Phuket Local Food, เมืองภูเก็ต, จังหวัดภูเก็ต 83110 ไทย",ภูเก็ต,ถลาง,,83,8303,0,4.0,14
Nahmyaa Thai Restaurant,,,7.986572,98.42174,"['https://dynamic-media-cdn.tripadvisor.com/media/photo-o/06/b9/fe/3e/best-oysters-ever.jpg?w=500&h=-1&s=1', 'https://dynamic-media-cdn.tripadvisor.com/media/photo-o/1c/78/6a/09/photo1jpg.jpg?w=500&h=-1&s=1', 'https://dynamic-media-cdn.tripadvisor.com/media/photo-o/1c/78/6a/11/photo9jpg.jpg?w=500&h=-1&s=1', 'https://dynamic-media-cdn.tripadvisor.com/media/photo-o/1c/78/6a/10/photo8jpg.jpg?w=500&h=-1&s=1', 'https://dynamic-media-cdn.tripadvisor.com/media/photo-o/1c/78/6a/08/photo0jpg.jpg?w=500&h=-1&s=1', 'https://dynamic-media-cdn.tripadvisor.com/media/photo-o/14/c9/c6/f1/photo2jpg.jpg?w=500&h=-1&s=1', 'https://dynamic-media-cdn.tripadvisor.com/media/photo-o/06/b9/fe/dd/thai-taco-s.jpg?w=500&h=-1&s=1', 'https://dynamic-media-cdn.tripadvisor.com/media/photo-o/10/c5/db/09/mango-with-sticky-rice.jpg?w=500&h=-1&s=1', 'https://dynamic-media-cdn.tripadvisor.com/media/photo-o/12/6d/5a/02/photo0jpg.jpg?w=500&h=-1&s=1', 'https://dynamic-media-cdn.tripadvisor.com/media/photo-o/10/c5/da/38/morning-glory-sauteed.jpg?w=500&h=-1&s=1', 'https://dynamic-media-cdn.tripadvisor.com/media/photo-o/10/c5/d9/6b/chicken-and-angle-bean.jpg?w=500&h=-1&s=1', 'https://dynamic-media-cdn.tripadvisor.com/media/photo-o/09/fa/35/75/img-20160107-150637-largejpg.jpg?w=500&h=-1&s=1', 'https://dynamic-media-cdn.tripadvisor.com/media/photo-o/14/c9/c6/f6/photo5jpg.jpg?w=500&h=-1&s=1', 'https://dynamic-media-cdn.tripadvisor.com/media/photo-o/09/fa/35/73/img-20160107-153947-largejpg.jpg?w=500&h=-1&s=1', 'https://dynamic-media-cdn.tripadvisor.com/media/photo-o/14/c9/c6/f5/photo4jpg.jpg?w=500&h=-1&s=1']",+66 76 360 100,https://th.tripadvisor.com/Restaurant_Review-g1215781-d6787126-Reviews-Nahmyaa_Thai_Restaurant-Phuket_Town_Phuket.html,"['การจอง', 'ที่นั่ง', 'บริการเสิร์ฟถึงโต๊ะ']","['เอเชีย', 'ไทย']","COMO Point Yamu 225 Moo 7, Paklok, Talang, เมืองภูเก็ต, จังหวัดภูเก็ต 83110 ไทย",ภูเก็ต,ถลาง,,83,8303,0,4.5,27
"On the Table, Tokyo Cafe'",,฿95.00 – ฿589.00,7.892451,98.367905,"['https://dynamic-media-cdn.tripadvisor.com/media/photo-o/18/7e/e7/3f/getlstd-property-photo.jpg?w=500&h=-1&s=1', 'https://dynamic-media-cdn.tripadvisor.com/media/photo-o/1a/8c/9c/84/photo0jpg.jpg?w=500&h=-1&s=1', 'https://dynamic-media-cdn.tripadvisor.com/media/photo-o/19/bf/95/80/photo3jpg.jpg?w=500&h=-1&s=1', 'https://dynamic-media-cdn.tripadvisor.com/media/photo-o/19/67/80/c5/on-the-table-tokyo-cafe.jpg?w=500&h=-1&s=1', 'https://dynamic-media-cdn.tripadvisor.com/media/photo-o/1a/5e/3b/cf/wonderful-atmosphere.jpg?w=500&h=-1&s=1', 'https://dynamic-media-cdn.tripadvisor.com/media/photo-o/19/c6/cf/23/on-the-table-tokyo-cafe.jpg?w=500&h=-1&s=1', 'https://dynamic-media-cdn.tripadvisor.com/media/photo-o/1a/94/3a/8d/photo0jpg.jpg?w=500&h=-1&s=1', 'https://dynamic-media-cdn.tripadvisor.com/media/photo-o/19/c6/d3/a2/img-25621022-193124-largejpg.jpg?w=500&h=-1&s=1', 'https://dynamic-media-cdn.tripadvisor.com/media/photo-o/1a/6c/e6/f2/on-the-table-tokyo-cafe.jpg?w=500&h=-1&s=1', 'https://dynamic-media-cdn.tripadvisor.com/media/photo-o/19/6d/78/fc/on-the-table-tokyo-cafe.jpg?w=500&h=-1&s=1', 'https://dynamic-media-cdn.tripadvisor.com/media/photo-o/19/bc/a4/c4/on-the-table-tokyo-cafe.jpg?w=500&h=-1&s=1', 'https://dynamic-media-cdn.tripadvisor.com/media/photo-o/19/67/7b/e2/on-the-table-tokyo-cafe.jpg?w=500&h=-1&s=1', 'https://dynamic-media-cdn.tripadvisor.com/media/photo-o/19/4d/d0/24/on-the-table-tokyo-cafe.jpg?w=500&h=-1&s=1', 'https://dynamic-media-cdn.tripadvisor.com/media/photo-o/1a/3a/97/54/photo0jpg.jpg?w=500&h=-1&s=1', 'https://dynamic-media-cdn.tripadvisor.com/media/photo-o/19/c6/d3/a3/img-25621022-192430-largejpg.jpg?w=500&h=-1&s=1']",+66 76 368 041,https://th.tripadvisor.com/Restaurant_Review-g2315814-d17796177-Reviews-On_the_Table_Tokyo_Cafe-Wichit_Phuket_Town_Phuket.html,"['การจอง', 'ที่นั่ง', 'บริการเสิร์ฟถึงโต๊ะ', 'รับบัตรเครดิต']","['ญี่ปุ่น', 'เอเชีย']","เซ็นทรัล ภูเก็ต ฟลอเรสต้า ชั้น 3, วิชิต, เมืองภูเก็ต, จังหวัดภูเก็ต 83000 ไทย",ภูเก็ต,เมืองภูเก็ต,,83,8301,0,4.5,55
Chino @ Cafe' Gallery,,,7.884794,98.38761,"['https://dynamic-media-cdn.tripadvisor.com/media/photo-o/04/67/d4/43/chino-cafe-gallery.jpg?w=500&h=-1&s=1', 'https://dynamic-media-cdn.tripadvisor.com/media/photo-o/04/67/d4/39/chino-cafe-gallery.jpg?w=500&h=-1&s=1', 'https://dynamic-media-cdn.tripadvisor.com/media/photo-o/09/76/c3/05/chino-cafe-gallery.jpg?w=500&h=-1&s=1', 'https://dynamic-media-cdn.tripadvisor.com/media/photo-o/0d/9e/33/2f/photo7jpg.jpg?w=500&h=-1&s=1', 'https://dynamic-media-cdn.tripadvisor.com/media/photo-o/11/8b/eb/f6/20171219-175731-largejpg.jpg?w=500&h=-1&s=1', 'https://dynamic-media-cdn.tripadvisor.com/media/photo-o/16/a9/90/2e/photo2jpg.jpg?w=500&h=-1&s=1', 'https://dynamic-media-cdn.tripadvisor.com/media/photo-o/0d/d3/e3/35/photo7jpg.jpg?w=500&h=-1&s=1', 'https://dynamic-media-cdn.tripadvisor.com/media/photo-o/14/96/56/93/chino-cafe-gallery.jpg?w=500&h=-1&s=1', 'https://dynamic-media-cdn.tripadvisor.com/media/photo-o/0e/fc/3e/53/amazing-mango-rice.jpg?w=500&h=-1&s=1', 'https://dynamic-media-cdn.tripadvisor.com/media/photo-o/09/76/c3/62/chino-cafe-gallery.jpg?w=500&h=-1&s=1', 'https://dynamic-media-cdn.tripadvisor.com/media/photo-o/0f/87/b5/e4/chino-cafe-gallery.jpg?w=500&h=-1&s=1', 'https://dynamic-media-cdn.tripadvisor.com/media/photo-o/1a/6f/ea/1c/img-20191230-145705424.jpg?w=500&h=-1&s=1', 'https://dynamic-media-cdn.tripadvisor.com/media/photo-o/0d/d9/15/1c/photo1jpg.jpg?w=500&h=-1&s=1', 'https://dynamic-media-cdn.tripadvisor.com/media/photo-o/0a/80/a0/5d/caption.jpg?w=500&h=-1&s=1', 'https://dynamic-media-cdn.tripadvisor.com/media/photo-o/10/ae/47/29/photo2jpg.jpg?w=500&h=-1&s=1']",+66 81 979 6190,https://th.tripadvisor.com/Restaurant_Review-g1215781-d4721620-Reviews-Chino_Cafe_Gallery-Phuket_Town_Phuket.html,"['ซื้อกลับบ้าน', 'ที่นั่ง', 'บริการเสิร์ฟถึงโต๊ะ', 'สะดวกสำหรับผู้ใช้รถเข็น']","['ร้านกาแฟ', 'เอเชีย']","4 ถนนถลาง ตำบลตลาดใหญ่, เมืองภูเก็ต, จังหวัดภูเก็ต 83000 ไทย",ภูเก็ต,เมืองภูเก็ต,,83,8301,0,4.5,120
Massaman Cafe,,,7.824545,98.34272,"['https://dynamic-media-cdn.tripadvisor.com/media/photo-o/09/50/2f/7e/massaman-cafe.jpg?w=500&h=-1&s=1', 'https://dynamic-media-cdn.tripadvisor.com/media/photo-o/17/7f/96/ec/img20190513105410-largejpg.jpg?w=500&h=-1&s=1', 'https://dynamic-media-cdn.tripadvisor.com/media/photo-o/0e/8a/59/b9/photo0jpg.jpg?w=500&h=-1&s=1', 'https://dynamic-media-cdn.tripadvisor.com/media/photo-o/12/53/15/1d/photo5jpg.jpg?w=500&h=-1&s=1', 'https://dynamic-media-cdn.tripadvisor.com/media/photo-o/17/7f/96/ed/img20190513105415-largejpg.jpg?w=500&h=-1&s=1', 'https://dynamic-media-cdn.tripadvisor.com/media/photo-o/17/7f/96/ef/img20190513105432-largejpg.jpg?w=500&h=-1&s=1', 'https://dynamic-media-cdn.tripadvisor.com/media/photo-o/09/d3/0e/b4/massaman-cafe.jpg?w=500&h=-1&s=1', 'https://dynamic-media-cdn.tripadvisor.com/media/photo-o/12/95/e7/1c/photo0jpg.jpg?w=500&h=-1&s=1', 'https://dynamic-media-cdn.tripadvisor.com/media/photo-o/14/fe/69/8a/photo1jpg.jpg?w=500&h=-1&s=1', 'https://dynamic-media-cdn.tripadvisor.com/media/photo-o/19/a5/b5/fe/amazing-curries.jpg?w=500&h=-1&s=1', 'https://dynamic-media-cdn.tripadvisor.com/media/photo-o/0a/af/cc/92/pat-pon-curry.jpg?w=400&h=-1&s=1', 'https://dynamic-media-cdn.tripadvisor.com/media/photo-o/12/53/15/1c/photo4jpg.jpg?w=500&h=-1&s=1', 'https://dynamic-media-cdn.tripadvisor.com/media/photo-o/14/fe/69/89/photo0jpg.jpg?w=500&h=-1&s=1', 'https://dynamic-media-cdn.tripadvisor.com/media/photo-o/12/53/15/1b/photo3jpg.jpg?w=500&h=-1&s=1', 'https://dynamic-media-cdn.tripadvisor.com/media/photo-o/18/37/26/55/massaman-cafe.jpg?w=500&h=-1&s=1']",+66 62 093 0785,https://th.tripadvisor.com/Restaurant_Review-g1389361-d8737156-Reviews-Massaman_Cafe-Chalong_Phuket_Town_Phuket.html,"['Wifi ฟรี', 'การจอง', 'ซื้อกลับบ้าน', 'ที่นั่ง', 'ที่นั่งกลางแจ้ง', 'บริการเครื่องดื่มแอลกอฮอล์', 'บริการเสิร์ฟถึงโต๊ะ', 'มีเก้าอี้สูงสำหรับเด็ก', 'สะดวกสำหรับผู้ใช้รถเข็น', 'ไวน์และเบียร์']","['นานาชาติ', 'พิซซ่า', 'ยุโรป', 'ร้านกาแฟ', 'เอเชีย', 'ไทย']","ถนนเจ้าฟ้าตะวันออก, ฉลอง, เมืองภูเก็ต, จังหวัดภูเก็ต 83130 ไทย",ภูเก็ต,เมืองภูเก็ต,,83,8301,0,5.0,66
