name,sub_name,wongnai_url,restaurantType,facility,description,imgPath,phone,website,openingHour,priceRange,latitude,longitude,address,province,district,subDistrict,province_code,district_code,sub_district_code,score,ratingCount
,5 ถนนพูลผลภูเก็ต,https://www.wongnai.com/restaurants/454504ca-%E0%B8%A2%E0%B8%A8%E0%B8%82%E0%B9%89%E0%B8%B2%E0%B8%A7%E0%B8%95%E0%B9%89%E0%B8%A1-5-%E0%B8%96%E0%B8%99%E0%B8%99%E0%B8%9E%E0%B8%B9%E0%B8%A5%E0%B8%9C%E0%B8%A5%E0%B8%A0%E0%B8%B9%E0%B9%80%E0%B8%81%E0%B9%87%E0%B8%95?_st=cD0wO2I9NDU0NTA0O2FkPXRydWU7dD0xNzI1ODk3NzExOTQ2O3JpPTFYN2I1bmNEajJmZ1hibTVZMXN6b0ZKVHl0REp4SjtpPTFYNzBaN05vRjFLdjJvdFBSTXVpUDdLVks1cHpjTTt3cmVmPXNyOw%3D%3D,"['ร้านข้าวต้ม', 'อาหารตามสั่ง']",[],,[''],[],{},{},,0,0,,,,,0,0,0,0,0
The Beach Phuket,,https://www.wongnai.com/restaurants/2551791bp-the-beach-phuket?_st=cD0xO2I9MjU1MTc5MTthZD10cnVlO3Q9MTcyNTg5NzcxMTk1ODtyaT0xWDdiNW5jRG15ZDdEOWhXSHdiRzZNd0I1RDBIdmI7aT0xWDcwWjdOb0YxS3Yyb3RQUk11aVA3S1ZLNXB6Y007d3JlZj1zcjs%3D,"['กึ่งผับ/ร้านเหล้า/บาร์', 'ผับ/เที่ยวกลางคืน', 'อาหารนานาชาติ']",[],,[''],[],{},{},,0,0,,,,,0,0,0,0,0
Napa Massage,Patong,https://www.wongnai.com/restaurants/2686171Bf-napa-massage-patong?_st=cD0yO2I9MjY4NjE3MTthZD1mYWxzZTt0PTE3MjU4OTc2NzgzMjY7cmk9MVg3YjVuYzlhc1BwR25MMVpjSnF4bkk3QjBRM3o0O2k9MVg3MFo3Tmp4RVhTVGhZYkxFQ1B6Z0FYY1R6S3d2O3dyZWY9c3I7,['คาเฟ่'],[],,[''],[],{},{},,0,0,,,,,0,0,0,0,0
Tops Eatery,Central Patong Phuket,https://www.wongnai.com/restaurants/2133571fI-tops-eatery-central-patong-phuket?_st=cD0zO2I9MjEzMzU3MTthZD1mYWxzZTt0PTE3MjU4OTc3MTE5NjI7cmk9MVg3YjVuY0RpN081aTByd1EzemxwbGNSNUpUOWdhO2k9MVg3MFo3Tm9GMUt2Mm90UFJNdWlQN0tWSzVwemNNO3dyZWY9c3I7,['อาหารนานาชาติ'],[],,[''],[],{},{},,0,0,,,,,0,0,0,0,0
Pizza Hut,สามกอง ภูเก็ต,https://www.wongnai.com/restaurants/288696XG-pizza-hut-%E0%B8%AA%E0%B8%B2%E0%B8%A1%E0%B8%81%E0%B8%AD%E0%B8%87-%E0%B8%A0%E0%B8%B9%E0%B9%80%E0%B8%81%E0%B9%87%E0%B8%95?_st=cD00O2I9Mjg4Njk2O2FkPWZhbHNlO3Q9MTcyNTg5NzcxMTk2NDtyaT0xWDdiNW5jRGlDN1J4ZEp0ZlJ6MWM5Nnd1dTczQ1A7aT0xWDcwWjdOb0YxS3Yyb3RQUk11aVA3S1ZLNXB6Y007d3JlZj1zcjs%3D,"['พิซซ่า', 'ฟาสต์ฟู้ด/จานด่วน']",[],,[''],[],{},{},,0,0,,,,,0,0,0,0,0
Tops Eatery,Phuket Floresta,https://www.wongnai.com/restaurants/2133567Cu-tops-eatery-phuket-floresta?_st=cD01O2I9MjEzMzU2NzthZD1mYWxzZTt0PTE3MjU4OTc3MTE5NjU7cmk9MVg3YjVuY0RsblpWUVVndHphOVJxZGhDZ2lmZ0wyO2k9MVg3MFo3Tm9GMUt2Mm90UFJNdWlQN0tWSzVwemNNO3dyZWY9c3I7,['อาหารนานาชาติ'],[],,[''],[],{},{},,0,0,,,,,0,0,0,0,0
Pizza Hut,มาร์เก็ตวิลเลจ ภูเก็ต,https://www.wongnai.com/restaurants/1962505ug-pizza-hut-%E0%B8%A1%E0%B8%B2%E0%B8%A3%E0%B9%8C%E0%B9%80%E0%B8%81%E0%B9%87%E0%B8%95%E0%B8%A7%E0%B8%B4%E0%B8%A5%E0%B9%80%E0%B8%A5%E0%B8%88-%E0%B8%A0%E0%B8%B9%E0%B9%80%E0%B8%81%E0%B9%87%E0%B8%95?_st=cD02O2I9MTk2MjUwNTthZD1mYWxzZTt0PTE3MjU4OTc3MTE5NjU7cmk9MVg3YjVuY0RoajBLd2dXeGpoS1RFdk9MN09pNTdrO2k9MVg3MFo3Tm9GMUt2Mm90UFJNdWlQN0tWSzVwemNNO3dyZWY9c3I7,"['พิซซ่า', 'ฟาสต์ฟู้ด/จานด่วน']",[],,[''],[],{},{},,0,0,,,,,0,0,0,0,0
โกเบนซ์ภูเก็ต,ภูเก็ต,https://www.wongnai.com/restaurants/goben?_st=cD0wO2I9ODU2NDthZD1mYWxzZTt0PTE3MjU4OTc2MDU0OTE7cmk9MVg3YjVuYzBPSno0SGxNSVAySjFhYjNMVmhBekwzO2k9MVg3MFo3TmFyeEtQR0hXRUVIa2xPb1hkSm5vZ3RrOw%3D%3D,['อื่นๆ'],[],,[''],[],{},{},,0,0,,,,,0,0,0,0,0
Tops Eatery,Porto de Phuket,https://www.wongnai.com/restaurants/2133570IB-tops-eatery-porto-de-phuket?_st=cD04O2I9MjEzMzU3MDthZD1mYWxzZTt0PTE3MjU4OTc3MTE5NjY7cmk9MVg3YjVuY0Rsc1ZCVkx1WmxvNUNzUHg5TTlWZkNIO2k9MVg3MFo3Tm9GMUt2Mm90UFJNdWlQN0tWSzVwemNNO3dyZWY9c3I7,['อาหารนานาชาติ'],[],,[''],[],{},{},,0,0,,,,,0,0,0,0,0
Tiger Kola,-,https://www.wongnai.com/restaurants/2043844fT-tiger-kola?_st=cD05O2I9MjA0Mzg0NDthZD1mYWxzZTt0PTE3MjU4OTc3MTE5NjY7cmk9MVg3YjVuY0RtR3ZRUDVaaWFDb0NCeTRzU09jSElNO2k9MVg3MFo3Tm9GMUt2Mm90UFJNdWlQN0tWSzVwemNNO3dyZWY9c3I7,['อาหารตามสั่ง'],[],,[''],[],{},{},,0,0,,,,,0,0,0,0,0
สามกองน้ำเต้าหู้ ๒๕๓๘,น้ำเต้าหู้สามกอง,https://www.wongnai.com/restaurants/9997DH-%E0%B8%AA%E0%B8%B2%E0%B8%A1%E0%B8%81%E0%B8%AD%E0%B8%87%E0%B8%99%E0%B9%89%E0%B8%B3%E0%B9%80%E0%B8%95%E0%B9%89%E0%B8%B2%E0%B8%AB%E0%B8%B9%E0%B9%89-%E0%B9%92%E0%B9%95%E0%B9%93%E0%B9%98-%E0%B8%99%E0%B9%89%E0%B8%B3%E0%B9%80%E0%B8%95%E0%B9%89%E0%B8%B2%E0%B8%AB%E0%B8%B9%E0%B9%89%E0%B8%AA%E0%B8%B2%E0%B8%A1%E0%B8%81%E0%B8%AD%E0%B8%87?_st=cD0xMDtiPTk5OTc7YWQ9ZmFsc2U7dD0xNzI1ODk3NzExOTY2O3JpPTFYN2I1bmNEamdHaDBvempRSWdTUWZ2RlZXWXBERjtpPTFYNzBaN05vRjFLdjJvdFBSTXVpUDdLVks1cHpjTTt3cmVmPXNyOw%3D%3D,"['อาหารคลีน/สลัด', 'ของหวาน']",[],,[''],[],{},{},,0,0,,,,,0,0,0,0,0
Baba Pool Club @ศรีพันวา,,https://www.wongnai.com/restaurants/babapoolclub?_st=cD0xMTtiPTI2MjA5O2FkPWZhbHNlO3Q9MTcyNTg5NzcxMTk2NztyaT0xWDdiNW5jRG42V3pudHd0bkJmbldoTFdPSTR1NHE7aT0xWDcwWjdOb0YxS3Yyb3RQUk11aVA3S1ZLNXB6Y007d3JlZj1zcjs%3D,"['กึ่งผับ/ร้านเหล้า/บาร์', 'อาหารนานาชาติ']",[],,[''],[],{},{},,0,0,,,,,0,0,0,0,0
ร้านน้ำย้อย,,https://www.wongnai.com/restaurants/110423VC-%E0%B8%A3%E0%B9%89%E0%B8%B2%E0%B8%99%E0%B8%99%E0%B9%89%E0%B8%B3%E0%B8%A2%E0%B9%89%E0%B8%AD%E0%B8%A2?_st=cD0wO2I9MTEwNDIzO2FkPWZhbHNlO3Q9MTcyNTg5ODAzMzk0MjtyaT0xWDdiNW5jc0R6SWs1M3F6ejFnUnBpcVp0WTBSZUk7aT0xWDcwWjdPU2pOcllvRlM0ZUVnQ0luemdienFGSjQ7d3JlZj1zcjs%3D,"['อาหารไทย', 'อาหารใต้']",[],,[''],[],{},{},,0,0,,,,,0,0,0,0,0
Oishi Kitchen,ภายใต้ครัว Shabushi โรบินสันถลาง,https://www.wongnai.com/restaurants/2153717KW-oishi-kitchen-%E0%B8%A0%E0%B8%B2%E0%B8%A2%E0%B9%83%E0%B8%95%E0%B9%89%E0%B8%84%E0%B8%A3%E0%B8%B1%E0%B8%A7-shabushi-%E0%B9%82%E0%B8%A3%E0%B8%9A%E0%B8%B4%E0%B8%99%E0%B8%AA%E0%B8%B1%E0%B8%99%E0%B8%96%E0%B8%A5%E0%B8%B2%E0%B8%87?_st=cD0xO2I9MjE1MzcxNzthZD1mYWxzZTt0PTE3MjU4OTgwMzM5NTU7cmk9MVg3YjVuY3NDOG1Bb3JFdTV5SWg1Sno2eGVacjFxO2k9MVg3MFo3T1NqTnJZb0ZTNGVFZ0NJbnpnYnpxRko0O3dyZWY9c3I7,['อาหารญี่ปุ่น'],[],,[''],[],{},{},,0,0,,,,,0,0,0,0,0
หมอมูดง,,https://www.wongnai.com/restaurants/mormudong?_st=cD0yO2I9ODY5O2FkPWZhbHNlO3Q9MTcyNTg5ODAzMzk1NTtyaT0xWDdiNW5jc0VUZGc3MTVhTzU3cklJYTZZRDU4d1o7aT0xWDcwWjdPU2pOcllvRlM0ZUVnQ0luemdienFGSjQ7d3JlZj1zcjs%3D,['อาหารใต้'],[],,[''],[],{},{},,0,0,,,,,0,0,0,0,0
ริมทาง @ ฉลอง,,https://www.wongnai.com/restaurants/247675aI-%E0%B8%A3%E0%B8%B4%E0%B8%A1%E0%B8%97%E0%B8%B2%E0%B8%87-%E0%B8%89%E0%B8%A5%E0%B8%AD%E0%B8%87?_st=cD0zO2I9MjQ3Njc1O2FkPWZhbHNlO3Q9MTcyNTg5ODAzMzk1NjtyaT0xWDdiNW5jc0ROSFc4OVl3ZFRIcFpoSTh1cEtMbHY7aT0xWDcwWjdPU2pOcllvRlM0ZUVnQ0luemdienFGSjQ7d3JlZj1zcjs%3D,"['คาเฟ่', 'ของหวาน', 'เครื่องดื่ม/น้ำผลไม้']",[],,[''],[],{},{},,0,0,,,,,0,0,0,0,0
KUMA Sushi x Yakiniku,ภูเก็ต,https://www.wongnai.com/restaurants/254866et-kuma-sushi-x-yakiniku-%E0%B8%A0%E0%B8%B9%E0%B9%80%E0%B8%81%E0%B9%87%E0%B8%95?_st=cD00O2I9MjU0ODY2O2FkPWZhbHNlO3Q9MTcyNTg5ODAzMzk1NztyaT0xWDdiNW5jc0c3dUhxcG55Tk1jUHc3TmVoOUQ1UWc7aT0xWDcwWjdPU2pOcllvRlM0ZUVnQ0luemdienFGSjQ7d3JlZj1zcjs%3D,"['บุฟเฟ่ต์', 'ปิ้งย่าง', 'อาหารญี่ปุ่น']",[],,[''],[],{},{},,0,0,,,,,0,0,0,0,0
HIWPEEK Cafe & Restuarant หิ้วปีก คาเฟ่แอนด์เรสเตอรอง,-,https://www.wongnai.com/restaurants/2771034zq-hiwpeek-cafe-restuarant-%E0%B8%AB%E0%B8%B4%E0%B9%89%E0%B8%A7%E0%B8%9B%E0%B8%B5%E0%B8%81-%E0%B8%84%E0%B8%B2%E0%B9%80%E0%B8%9F%E0%B9%88%E0%B9%81%E0%B8%AD%E0%B8%99%E0%B8%94%E0%B9%8C%E0%B9%80%E0%B8%A3%E0%B8%AA%E0%B9%80%E0%B8%95%E0%B8%AD%E0%B8%A3%E0%B8%AD%E0%B8%87?_st=cD0wO2I9Mjc3MTAzNDthZD10cnVlO3Q9MTcyNTg5ODIxNjQ0NjtyaT0xWDdiNW5kRkFqcThacjZ6UHZNa1o2OU5YVUU0N0Y7aT0xWDcwWjdPcGdkaUpUUkVqdkoyeE1raFJaS1NMb3M7d3JlZj1zcjs%3D,"['คาเฟ่', 'ร้านกาแฟ/ชา', 'อาหารไทย']",[],,[''],[],{},{},,0,0,,,,,0,0,0,0,0
โชคชัยติ่มซำ,โชคชัยติ่มซำ,https://www.wongnai.com/restaurants/2622526HP-%E0%B9%82%E0%B8%8A%E0%B8%84%E0%B8%8A%E0%B8%B1%E0%B8%A2%E0%B8%95%E0%B8%B4%E0%B9%88%E0%B8%A1%E0%B8%8B%E0%B8%B3-%E0%B9%82%E0%B8%8A%E0%B8%84%E0%B8%8A%E0%B8%B1%E0%B8%A2%E0%B8%95%E0%B8%B4%E0%B9%88%E0%B8%A1%E0%B8%8B%E0%B8%B3?_st=cD0xO2I9MjYyMjUyNjthZD1mYWxzZTt0PTE3MjU4OTgyMTY0NTc7cmk9MVg3YjVuZEZDYTFhRzZrQ1pEdjhmaUJNcjlYN3lPO2k9MVg3MFo3T3BnZGlKVFJFanZKMnhNa2hSWktTTG9zO3dyZWY9c3I7,"['ติ่มซำ', 'อาหารจีน']",[],,[''],[],{},{},,0,0,,,,,0,0,0,0,0
ตู้กับข้าว,,https://www.wongnai.com/restaurants/tukabkhao?_st=cD0yO2I9MjA2OTMwO2FkPWZhbHNlO3Q9MTcyNTg5ODIxNjQ1NztyaT0xWDdiNW5kRkRTZFBjd3JHQVNPYmNjTkY2b3cwYkY7aT0xWDcwWjdPcGdkaUpUUkVqdkoyeE1raFJaS1NMb3M7d3JlZj1zcjs%3D,"['อาหารใต้', 'อาหารตามสั่ง']",[],,[''],[],{},{},,0,0,,,,,0,0,0,0,0
พิเศษ,,https://www.wongnai.com/restaurants/333419oq-%E0%B8%9E%E0%B8%B4%E0%B9%80%E0%B8%A8%E0%B8%A9?_st=cD0zO2I9MzMzNDE5O2FkPWZhbHNlO3Q9MTcyNTg5ODIxNjQ1NztyaT0xWDdiNW5kRkFCNFAzeEp4NmRVMHljWXpwZFNBeVo7aT0xWDcwWjdPcGdkaUpUUkVqdkoyeE1raFJaS1NMb3M7d3JlZj1zcjs%3D,"['อาหารทะเล', 'อาหารไทย']",[],,[''],[],{},{},,0,0,,,,,0,0,0,0,0
ภูเก็ต - ระย้า,,https://www.wongnai.com/restaurants/rayaa?_st=cD00O2I9ODQ1O2FkPWZhbHNlO3Q9MTcyNTg5ODIxNjQ1NztyaT0xWDdiNW5kRjh6NjdxQUxXOGRTRDI2aGdDeGZNN3U7aT0xWDcwWjdPcGdkaUpUUkVqdkoyeE1raFJaS1NMb3M7d3JlZj1zcjs%3D,"['อาหารใต้', 'อาหารไทย']",[],,[''],[],{},{},,0,0,,,,,0,0,0,0,0
หมี่ต้นโพธิ์ เมืองภูเก็ต (วงเวียนหอนาฬิกา),สาขา 1 หอนาฬิกา,https://www.wongnai.com/restaurants/10178Jq-%E0%B8%AB%E0%B8%A1%E0%B8%B5%E0%B9%88%E0%B8%95%E0%B9%89%E0%B8%99%E0%B9%82%E0%B8%9E%E0%B8%98%E0%B8%B4%E0%B9%8C-%E0%B9%80%E0%B8%A1%E0%B8%B7%E0%B8%AD%E0%B8%87%E0%B8%A0%E0%B8%B9%E0%B9%80%E0%B8%81%E0%B9%87%E0%B8%95-%E0%B8%A7%E0%B8%87%E0%B9%80%E0%B8%A7%E0%B8%B5%E0%B8%A2%E0%B8%99%E0%B8%AB%E0%B8%AD%E0%B8%99%E0%B8%B2%E0%B8%AC%E0%B8%B4%E0%B8%81%E0%B8%B2-%E0%B8%AA%E0%B8%B2%E0%B8%82%E0%B8%B2-1-%E0%B8%AB%E0%B8%AD%E0%B8%99%E0%B8%B2%E0%B8%AC%E0%B8%B4%E0%B8%81%E0%B8%B2?_st=cD01O2I9MTAxNzg7YWQ9ZmFsc2U7dD0xNzI1ODk4MjE2NDU5O3JpPTFYN2I1bmRGRmN1ZGtVRzcyOXA5dDBXNEYwcDBCaTtpPTFYNzBaN09wZ2RpSlRSRWp2SjJ4TWtoUlpLU0xvczt3cmVmPXNyOw%3D%3D,"['ก๋วยเตี๋ยว', 'อาหารกล่อง/ข้าวกล่อง เดลิเวอรี', 'อาหารตามสั่ง']",[],,[''],[],{},{},,0,0,,,,,0,0,0,0,0
ปากน้ำซีฟู้ด,ถลาง,https://www.wongnai.com/restaurants/paknamseafood?_st=cD02O2I9ODU2NTthZD1mYWxzZTt0PTE3MjU4OTgyMTY0NTk7cmk9MVg3YjVuZEY5bGkxTDBGQjNYYXJrSWFibHM3czBUO2k9MVg3MFo3T3BnZGlKVFJFanZKMnhNa2hSWktTTG9zO3dyZWY9c3I7,['อาหารทะเล'],[],,[''],[],{},{},,0,0,,,,,0,0,0,0,0
วันจันทร์,-,https://www.wongnai.com/restaurants/onechun?_st=cD03O2I9MjgyODg7YWQ9ZmFsc2U7dD0xNzI1ODk4MjE2NDYwO3JpPTFYN2I1bmRGOXd1cjgyOXlreVRuekdGRlNTUUxVVjtpPTFYNzBaN09wZ2RpSlRSRWp2SjJ4TWtoUlpLU0xvczt3cmVmPXNyOw%3D%3D,"['อาหารใต้', 'อาหารไทย']",[],,[''],[],{},{},,0,0,,,,,0,0,0,0,0
ครัวโอมภูเก็ต,,https://www.wongnai.com/restaurants/261378yF-%E0%B8%84%E0%B8%A3%E0%B8%B1%E0%B8%A7%E0%B9%82%E0%B8%AD%E0%B8%A1%E0%B8%A0%E0%B8%B9%E0%B9%80%E0%B8%81%E0%B9%87%E0%B8%95?_st=cD04O2I9MjYxMzc4O2FkPWZhbHNlO3Q9MTcyNTg5ODIxNjQ2MDtyaT0xWDdiNW5kRkJpYm1JbGFaRnVSUWlxSjNzYzZJYjA7aT0xWDcwWjdPcGdkaUpUUkVqdkoyeE1raFJaS1NMb3M7d3JlZj1zcjs%3D,"['อาหารใต้', 'อาหารตามสั่ง', 'อาหารไทย']",[],,[''],[],{},{},,0,0,,,,,0,0,0,0,0
ฮ้องข้าวต้มปลา,,https://www.wongnai.com/restaurants/110263UT-%E0%B8%AE%E0%B9%89%E0%B8%AD%E0%B8%87%E0%B8%82%E0%B9%89%E0%B8%B2%E0%B8%A7%E0%B8%95%E0%B9%89%E0%B8%A1%E0%B8%9B%E0%B8%A5%E0%B8%B2?_st=cD05O2I9MTEwMjYzO2FkPWZhbHNlO3Q9MTcyNTg5ODIxNjQ2MTtyaT0xWDdiNW5kRkJnS0xHS3MxNWFDem9xUkg5WTV6WTI7aT0xWDcwWjdPcGdkaUpUUkVqdkoyeE1raFJaS1NMb3M7d3JlZj1zcjs%3D,"['ร้านข้าวต้ม', 'อาหารจีน', 'อาหารไทย']",[],,[''],[],{},{},,0,0,,,,,0,0,0,0,0
โกซ้ง ฅนโบราณ,,https://www.wongnai.com/restaurants/khonsong?_st=cD0xMDtiPTE1NjY1NzthZD1mYWxzZTt0PTE3MjU4OTgyMTY0NjI7cmk9MVg3YjVuZEZDdlFVWHdqWTlRS0JzazVzMEg5TWR6O2k9MVg3MFo3T3BnZGlKVFJFanZKMnhNa2hSWktTTG9zO3dyZWY9c3I7,['อาหารไทย'],[],,[''],[],{},{},,0,0,,,,,0,0,0,0,0
Deven's Chef Restaurant,Phuket,https://www.wongnai.com/restaurants/275423Yu-deven-s-chef-restaurant-phuket?_st=cD0wO2I9Mjc1NDIzO2FkPXRydWU7dD0xNzI1ODk4NTQxNDcxO3JpPTFYN2I1bmR0ek1PamM1aDJVNEczSXlxeEt2VVZaYjtpPTFYNzBaN1BVYUhNM28zTGNBb0l4SDBwZkhwSXFPQjt3cmVmPXNyOw%3D%3D,['อาหารอินเดีย'],[],,[''],[],{},{},,0,0,,,,,0,0,0,0,0
Shabu sure กมลา,-,https://www.wongnai.com/restaurants/1922693VI-shabu-sure-%E0%B8%81%E0%B8%A1%E0%B8%A5%E0%B8%B2?_st=cD0xO2I9MTkyMjY5MzthZD1mYWxzZTt0PTE3MjU4OTg1NDE0ODI7cmk9MVg3YjVuZHUzUXVYcmZ2c0I4bXJPNUNRSjZsSFJ0O2k9MVg3MFo3UFVhSE0zbzNMY0FvSXhIMHBmSHBJcU9CO3dyZWY9c3I7,"['คาเฟ่', 'อาหารจานเดียว', 'ร้านกาแฟ/ชา']",[],,[''],[],{},{},,0,0,,,,,0,0,0,0,0
บ้านส้มตำ-ไก่ย่าง เกาะแก้วภูเก็ต,เกาะแก้ว ภูเก็ต,https://www.wongnai.com/restaurants/2416912Fd-%E0%B8%9A%E0%B9%89%E0%B8%B2%E0%B8%99%E0%B8%AA%E0%B9%89%E0%B8%A1%E0%B8%95%E0%B8%B3-%E0%B9%84%E0%B8%81%E0%B9%88%E0%B8%A2%E0%B9%88%E0%B8%B2%E0%B8%87-%E0%B9%80%E0%B8%81%E0%B8%B2%E0%B8%B0%E0%B9%81%E0%B8%81%E0%B9%89%E0%B8%A7%E0%B8%A0%E0%B8%B9%E0%B9%80%E0%B8%81%E0%B9%87%E0%B8%95-%E0%B9%80%E0%B8%81%E0%B8%B2%E0%B8%B0%E0%B9%81%E0%B8%81%E0%B9%89%E0%B8%A7-%E0%B8%A0%E0%B8%B9%E0%B9%80%E0%B8%81%E0%B9%87%E0%B8%95?_st=cD0yO2I9MjQxNjkxMjthZD1mYWxzZTt0PTE3MjU4OTg1NDE0ODI7cmk9MVg3YjVuZHU1WVBxR2toenJxbk95VVhGM3h1R3NnO2k9MVg3MFo3UFVhSE0zbzNMY0FvSXhIMHBmSHBJcU9CO3dyZWY9c3I7,['อาหารอีสาน/ร้านส้มตำ'],[],,[''],[],{},{},,0,0,,,,,0,0,0,0,0
มุขมณี ซีฟู้ด,,https://www.wongnai.com/restaurants/mookmaneeseafood?_st=cD0zO2I9MTExNzMyO2FkPWZhbHNlO3Q9MTcyNTg5ODU0MTQ4MztyaT0xWDdiNW5kdTM4Mnd6ekFJdklhZVZXWnlhdmNrOEw7aT0xWDcwWjdQVWFITTNvM0xjQW9JeEgwcGZIcElxT0I7d3JlZj1zcjs%3D,['อาหารทะเล'],[],,[''],[],{},{},,0,0,,,,,0,0,0,0,0
ร้านอาหารแสงดาว,ภูเก็ต,https://www.wongnai.com/restaurants/977744tK-%E0%B8%A3%E0%B9%89%E0%B8%B2%E0%B8%99%E0%B8%AD%E0%B8%B2%E0%B8%AB%E0%B8%B2%E0%B8%A3%E0%B9%81%E0%B8%AA%E0%B8%87%E0%B8%94%E0%B8%B2%E0%B8%A7-%E0%B8%A0%E0%B8%B9%E0%B9%80%E0%B8%81%E0%B9%87%E0%B8%95?_st=cD00O2I9OTc3NzQ0O2FkPWZhbHNlO3Q9MTcyNTg5ODU0MTQ4MztyaT0xWDdiNW5kdTI2cHBDWjFyRXhlZVNhYnRUdldIeXg7aT0xWDcwWjdQVWFITTNvM0xjQW9JeEgwcGZIcElxT0I7d3JlZj1zcjs%3D,"['อาหารไทย', 'อาหารทะเล', 'อาหารใต้']",[],,[''],[],{},{},,0,0,,,,,0,0,0,0,0
Heh Cafe & Restaurant,,https://www.wongnai.com/restaurants/909623nW-heh-cafe-restaurant?_st=cD01O2I9OTA5NjIzO2FkPWZhbHNlO3Q9MTcyNTg5ODU0MTQ4MztyaT0xWDdiNW5kdTJzR2lGVmxhY0ZzWmIzcG5VWFFBelY7aT0xWDcwWjdQVWFITTNvM0xjQW9JeEgwcGZIcElxT0I7d3JlZj1zcjs%3D,"['อาหารนานาชาติ', 'คาเฟ่']",[],,[''],[],{},{},,0,0,,,,,0,0,0,0,0
Tree O’Clock Gallery & Restaurant,,https://www.wongnai.com/restaurants/2062724Gf-tree-o-clock-gallery-restaurant?_st=cD02O2I9MjA2MjcyNDthZD1mYWxzZTt0PTE3MjU4OTg1NDE0ODQ7cmk9MVg3YjVuZHU0bVpKUW82aXhKdEtGTjJDd3R6RE1KO2k9MVg3MFo3UFVhSE0zbzNMY0FvSXhIMHBmSHBJcU9CO3dyZWY9c3I7,"['คาเฟ่', 'ร้านกาแฟ/ชา']",[],,[''],[],{},{},,0,0,,,,,0,0,0,0,0
กินกับอี๋,,https://www.wongnai.com/restaurants/356591DX-%E0%B8%81%E0%B8%B4%E0%B8%99%E0%B8%81%E0%B8%B1%E0%B8%9A%E0%B8%AD%E0%B8%B5%E0%B9%8B?_st=cD03O2I9MzU2NTkxO2FkPWZhbHNlO3Q9MTcyNTg5ODU0MTQ4ODtyaT0xWDdiNW5kdTVUck9Fa2hGUkVvZ2FIY3ZIVGlYSUE7aT0xWDcwWjdQVWFITTNvM0xjQW9JeEgwcGZIcElxT0I7d3JlZj1zcjs%3D,['อาหารไทย'],[],,[''],[],{},{},,0,0,,,,,0,0,0,0,0
ฉลองบุฟเฟ่ต์,,https://www.wongnai.com/restaurants/273161cD-%E0%B8%89%E0%B8%A5%E0%B8%AD%E0%B8%87%E0%B8%9A%E0%B8%B8%E0%B8%9F%E0%B9%80%E0%B8%9F%E0%B9%88%E0%B8%95%E0%B9%8C?_st=cD04O2I9MjczMTYxO2FkPWZhbHNlO3Q9MTcyNTg5ODU0MTQ4ODtyaT0xWDdiNW5kdHpUTkJsOUZQdThFWUlKZjY3a1dob2Y7aT0xWDcwWjdQVWFITTNvM0xjQW9JeEgwcGZIcElxT0I7d3JlZj1zcjs%3D,"['ปิ้งย่าง', 'บุฟเฟ่ต์']",[],,[''],[],{},{},,0,0,,,,,0,0,0,0,0
KIN DEE,,https://www.wongnai.com/restaurants/111259LY-kin-dee?_st=cD05O2I9MTExMjU5O2FkPWZhbHNlO3Q9MTcyNTg5ODU0MTQ4ODtyaT0xWDdiNW5kdTF1ODdvOTI4WEtIc0k3V3JnejBhZU47aT0xWDcwWjdQVWFITTNvM0xjQW9JeEgwcGZIcElxT0I7d3JlZj1zcjs%3D,['อาหารไทย'],[],,[''],[],{},{},,0,0,,,,,0,0,0,0,0
Three Monkeys Restaurant วิชิต,,https://www.wongnai.com/restaurants/349360oF-three-monkeys-restaurant?_st=cD0xMDtiPTM0OTM2MDthZD1mYWxzZTt0PTE3MjU4OTg1NDE0OTE7cmk9MVg3YjVuZHUxMzViSzhvTTZHcjhBSUlBVjFVbDFoO2k9MVg3MFo3UFVhSE0zbzNMY0FvSXhIMHBmSHBJcU9CO3dyZWY9c3I7,"['อาหารไทย', 'คาเฟ่', 'กึ่งผับ/ร้านเหล้า/บาร์']",[],,[''],[],{},{},,0,0,,,,,0,0,0,0,0
ชินจาโยป่าตอง,,https://www.wongnai.com/restaurants/2062840hc-%E0%B8%8A%E0%B8%B4%E0%B8%99%E0%B8%88%E0%B8%B2%E0%B9%82%E0%B8%A2%E0%B8%9B%E0%B9%88%E0%B8%B2%E0%B8%95%E0%B8%AD%E0%B8%87?_st=cD0wO2I9MjA2Mjg0MDthZD10cnVlO3Q9MTcyNTg5ODg3MzE1MDtyaT0xWDdiNW5lWmpuY1BqVXV0cTBMV3pSaFZ4OXJleGs7aT0xWDcwWjdRQUg3Y2lUUERMeUJjUmdCRUl0Z09JUU87d3JlZj1zcjs%3D,['อาหารเกาหลี'],[],,[''],[],{},{},,0,0,,,,,0,0,0,0,0
ร้านข้าวแกงไจแอนท์,ภูเก็ต,https://www.wongnai.com/restaurants/2224455Vb-%E0%B8%A3%E0%B9%89%E0%B8%B2%E0%B8%99%E0%B8%82%E0%B9%89%E0%B8%B2%E0%B8%A7%E0%B9%81%E0%B8%81%E0%B8%87%E0%B9%84%E0%B8%88%E0%B9%81%E0%B8%AD%E0%B8%99%E0%B8%97%E0%B9%8C-%E0%B8%A0%E0%B8%B9%E0%B9%80%E0%B8%81%E0%B9%87%E0%B8%95?_st=cD0xO2I9MjIyNDQ1NTthZD1mYWxzZTt0PTE3MjU4OTg4NzMxNjQ7cmk9MVg3YjVuZVpvMnF6WW5RdmdnQzBTbjU5b2dFOGRkO2k9MVg3MFo3UUFIN2NpVFBETHlCY1JnQkVJdGdPSVFPO3dyZWY9c3I7,['อาหารจานเดียว'],[],,[''],[],{},{},,0,0,,,,,0,0,0,0,0
ขนมจีนจี้ลิ่ว,,https://www.wongnai.com/restaurants/150979cR-%E0%B8%82%E0%B8%99%E0%B8%A1%E0%B8%88%E0%B8%B5%E0%B8%99%E0%B8%88%E0%B8%B5%E0%B9%89%E0%B8%A5%E0%B8%B4%E0%B9%88%E0%B8%A7?_st=cD0yO2I9MTUwOTc5O2FkPWZhbHNlO3Q9MTcyNTg5ODg3MzE2NjtyaT0xWDdiNW5lWm5QbjFNeVVFdVZMRFp4d2pVTzR0Vzk7aT0xWDcwWjdRQUg3Y2lUUERMeUJjUmdCRUl0Z09JUU87d3JlZj1zcjs%3D,['อาหารไทย'],[],,[''],[],{},{},,0,0,,,,,0,0,0,0,0
หมี่สะปำคุณยายเจียร,,https://www.wongnai.com/restaurants/110248cO-%E0%B8%AB%E0%B8%A1%E0%B8%B5%E0%B9%88%E0%B8%AA%E0%B8%B0%E0%B8%9B%E0%B8%B3%E0%B8%84%E0%B8%B8%E0%B8%93%E0%B8%A2%E0%B8%B2%E0%B8%A2%E0%B9%80%E0%B8%88%E0%B8%B5%E0%B8%A2%E0%B8%A3?_st=cD0zO2I9MTEwMjQ4O2FkPWZhbHNlO3Q9MTcyNTg5ODg3MzE2NztyaT0xWDdiNW5lWmxOc0xZWTNZeWFkaDNucUpUbDVuVzM7aT0xWDcwWjdRQUg3Y2lUUERMeUJjUmdCRUl0Z09JUU87d3JlZj1zcjs%3D,['อาหารใต้'],[],,[''],[],{},{},,0,0,,,,,0,0,0,0,0
โรตีเจ้าฟ้า,,https://www.wongnai.com/restaurants/17589Pk-%E0%B9%82%E0%B8%A3%E0%B8%95%E0%B8%B5%E0%B9%80%E0%B8%88%E0%B9%89%E0%B8%B2%E0%B8%9F%E0%B9%89%E0%B8%B2?_st=cD00O2I9MTc1ODk7YWQ9ZmFsc2U7dD0xNzI1ODk4ODczMTY3O3JpPTFYN2I1bmVaaTdXam1ISE5FZ21oNWNSM3RDRUdiRDtpPTFYNzBaN1FBSDdjaVRQREx5QmNSZ0JFSXRnT0lRTzt3cmVmPXNyOw%3D%3D,"['อาหารจานเดียว', 'ของหวาน']",[],,[''],[],{},{},,0,0,,,,,0,0,0,0,0
ยศข้าวต้ม,5 ถนนพูลผลภูเก็ต,https://www.wongnai.com/restaurants/454504ca-%E0%B8%A2%E0%B8%A8%E0%B8%82%E0%B9%89%E0%B8%B2%E0%B8%A7%E0%B8%95%E0%B9%89%E0%B8%A1-5-%E0%B8%96%E0%B8%99%E0%B8%99%E0%B8%9E%E0%B8%B9%E0%B8%A5%E0%B8%9C%E0%B8%A5%E0%B8%A0%E0%B8%B9%E0%B9%80%E0%B8%81%E0%B9%87%E0%B8%95?_st=cD01O2I9NDU0NTA0O2FkPWZhbHNlO3Q9MTcyNTg5ODg3MzE2NztyaT0xWDdiNW5lWmt0STZxSDBaMDR4cVZOdWV0Y01kVHI7aT0xWDcwWjdRQUg3Y2lUUERMeUJjUmdCRUl0Z09JUU87d3JlZj1zcjs%3D,"['ร้านข้าวต้ม', 'อาหารตามสั่ง']",[],,[''],[],{},{},,0,0,,,,,0,0,0,0,0
เก็ตโฮ่ ติ่มซำ,,https://www.wongnai.com/restaurants/28663eq-%E0%B9%80%E0%B8%81%E0%B9%87%E0%B8%95%E0%B9%82%E0%B8%AE%E0%B9%88-%E0%B8%95%E0%B8%B4%E0%B9%88%E0%B8%A1%E0%B8%8B%E0%B8%B3?_st=cD02O2I9Mjg2NjM7YWQ9ZmFsc2U7dD0xNzI1ODk4ODczMTY4O3JpPTFYN2I1bmVaalRxT29iZWFIdmp2ZUplTUVlWFMxYTtpPTFYNzBaN1FBSDdjaVRQREx5QmNSZ0JFSXRnT0lRTzt3cmVmPXNyOw%3D%3D,"['ติ่มซำ', 'อาหารจีน']",[],,[''],[],{},{},,0,0,,,,,0,0,0,0,0
ครัวเก๋ากึ๊ก,,https://www.wongnai.com/restaurants/11463hk-%E0%B8%84%E0%B8%A3%E0%B8%B1%E0%B8%A7%E0%B9%80%E0%B8%81%E0%B9%8B%E0%B8%B2%E0%B8%81%E0%B8%B6%E0%B9%8A%E0%B8%81?_st=cD03O2I9MTE0NjM7YWQ9ZmFsc2U7dD0xNzI1ODk4ODczMTY4O3JpPTFYN2I1bmVabktqS1JlbzI4ZkZEaHpYUFFPN3ZrUDtpPTFYNzBaN1FBSDdjaVRQREx5QmNSZ0JFSXRnT0lRTzt3cmVmPXNyOw%3D%3D,"['อาหารใต้', 'อาหารตามสั่ง', 'อาหารไทย']",[],,[''],[],{},{},,0,0,,,,,0,0,0,0,0
Day & Night Of Phuket,Phuket,https://www.wongnai.com/restaurants/608272zA-day-night-of-phuket-phuket?_st=cD04O2I9NjA4MjcyO2FkPWZhbHNlO3Q9MTcyNTg5ODg3MzE2OTtyaT0xWDdiNW5lWmxuMmZhTVoxaWltWVZ1Y0Q0MzRhcUM7aT0xWDcwWjdRQUg3Y2lUUERMeUJjUmdCRUl0Z09JUU87d3JlZj1zcjs%3D,"['กึ่งผับ/ร้านเหล้า/บาร์', 'คาเฟ่', 'ร้านไวน์']",[],,[''],[],{},{},,0,0,,,,,0,0,0,0,0
Sizzler,โรบินสัน ถลาง,https://www.wongnai.com/restaurants/1975871Ec-sizzler-%E0%B9%82%E0%B8%A3%E0%B8%9A%E0%B8%B4%E0%B8%99%E0%B8%AA%E0%B8%B1%E0%B8%99-%E0%B8%96%E0%B8%A5%E0%B8%B2%E0%B8%87?_st=cD05O2I9MTk3NTg3MTthZD1mYWxzZTt0PTE3MjU4OTg4NzMxNzE7cmk9MVg3YjVuZVppSzQxVDNXWG5BWElhUjRvcXA0NWliO2k9MVg3MFo3UUFIN2NpVFBETHlCY1JnQkVJdGdPSVFPO3dyZWY9c3I7,"['สเต๊ก', 'อาหารนานาชาติ']",[],,[''],[],{},{},,0,0,,,,,0,0,0,0,0
ข้าวมันไก่เจ๊หลี,สาขา 2,https://www.wongnai.com/restaurants/119345Gz-%E0%B8%82%E0%B9%89%E0%B8%B2%E0%B8%A7%E0%B8%A1%E0%B8%B1%E0%B8%99%E0%B9%84%E0%B8%81%E0%B9%88%E0%B9%80%E0%B8%88%E0%B9%8A%E0%B8%AB%E0%B8%A5%E0%B8%B5-%E0%B8%AA%E0%B8%B2%E0%B8%82%E0%B8%B2-2?_st=cD0xMDtiPTExOTM0NTthZD1mYWxzZTt0PTE3MjU4OTg4NzMxNzI7cmk9MVg3YjVuZVptRE01blByMHFoV0RVZVdueE1EdVpGO2k9MVg3MFo3UUFIN2NpVFBETHlCY1JnQkVJdGdPSVFPO3dyZWY9c3I7,"['อาหารจานเดียว', 'อาหารไทย']",[],,[''],[],{},{},,0,0,,,,,0,0,0,0,0
ร้านอาหารกำปงกะตะฮิลล์,,https://www.wongnai.com/restaurants/111132XX-%E0%B8%A3%E0%B9%89%E0%B8%B2%E0%B8%99%E0%B8%AD%E0%B8%B2%E0%B8%AB%E0%B8%B2%E0%B8%A3%E0%B8%81%E0%B8%B3%E0%B8%9B%E0%B8%87%E0%B8%81%E0%B8%B0%E0%B8%95%E0%B8%B0%E0%B8%AE%E0%B8%B4%E0%B8%A5%E0%B8%A5%E0%B9%8C,['อาหารไทย'],[],,[''],[],{},{},,0,0,,,,,0,0,0,0,0
KanEang@pier,,https://www.wongnai.com/restaurants/849Qt-kaneang-pier?_st=cD0xO2I9ODQ5O2FkPWZhbHNlO3Q9MTcyNTg5OTE2MTM0NjtyaT0xWDdiNW5mOXZjN3NMZzJkNWs0ZFg1TmN4NmRNWVM7aT0xWDcwWjdRa1dGaVo4V0M4RTUzazJKbUJGenJwOWk7d3JlZj1zcjs%3D,"['อาหารทะเล', 'อาหารนานาชาติ', 'อาหารใต้']",[],,[''],[],{},{},,0,0,,,,,0,0,0,0,0
ไม้หมอนฟอเรสต์,ภูเก็ต,https://www.wongnai.com/restaurants/23702nG-%E0%B9%84%E0%B8%A1%E0%B9%89%E0%B8%AB%E0%B8%A1%E0%B8%AD%E0%B8%99%E0%B8%9F%E0%B8%AD%E0%B9%80%E0%B8%A3%E0%B8%AA%E0%B8%95%E0%B9%8C-%E0%B8%A0%E0%B8%B9%E0%B9%80%E0%B8%81%E0%B9%87%E0%B8%95?_st=cD0yO2I9MjM3MDI7YWQ9ZmFsc2U7dD0xNzI1ODk5MTYxMzU3O3JpPTFYN2I1bmY5eEtCYkJncGFJRWZzRHU3UVhHczR1cztpPTFYNzBaN1FrV0ZpWjhXQzhFNTNrMkptQkZ6cnA5aTt3cmVmPXNyOw%3D%3D,"['อาหารไทย', 'อาหารทะเล', 'อาหารใต้']",[],,[''],[],{},{},,0,0,,,,,0,0,0,0,0
บุญรัตน์ ติ่มซำ,,https://www.wongnai.com/restaurants/140587UL-%E0%B8%9A%E0%B8%B8%E0%B8%8D%E0%B8%A3%E0%B8%B1%E0%B8%95%E0%B8%99%E0%B9%8C-%E0%B8%95%E0%B8%B4%E0%B9%88%E0%B8%A1%E0%B8%8B%E0%B8%B3?_st=cD0xNDtiPTE0MDU4NzthZD1mYWxzZTt0PTE3MjU4OTkwMjI4NTk7cmk9MVg3YjVuZXNVcHhWYmxtUWJ4Z3hrcDBIMnZiYlptO2k9MVg3MFo3UVN6bHZROFlvUnREY3A3V3BwNFlIc0pPOw%3D%3D,"['ติ่มซำ', 'ร้านกาแฟ/ชา', 'อาหารเช้า']",[],,[''],[],{},{},,0,0,,,,,0,0,0,0,0
ชวนชิม ภูเก็ต,,https://www.wongnai.com/restaurants/16105cT-%E0%B8%8A%E0%B8%A7%E0%B8%99%E0%B8%8A%E0%B8%B4%E0%B8%A1-%E0%B8%A0%E0%B8%B9%E0%B9%80%E0%B8%81%E0%B9%87%E0%B8%95?_st=cD0xNTtiPTE2MTA1O2FkPWZhbHNlO3Q9MTcyNTg5OTAyMjg2MDtyaT0xWDdiNW5lc1ZieFpVU2tNM1NRUGg3c3hGQlFEWjY7aT0xWDcwWjdRU3psdlE4WW9SdERjcDdXcHA0WUhzSk87,"['ก๋วยเตี๋ยว', 'อาหารตามสั่ง', 'อาหารไทย']",[],,[''],[],{},{},,0,0,,,,,0,0,0,0,0
Campus Coffee Roaster,,https://www.wongnai.com/restaurants/344831CN-campus-coffee-roaster?_st=cD0xNjtiPTM0NDgzMTthZD1mYWxzZTt0PTE3MjU4OTkwMjI4NjA7cmk9MVg3YjVuZXNTeFpHbDUzNERnSE5UVW16eU5XRFBVO2k9MVg3MFo3UVN6bHZROFlvUnREY3A3V3BwNFlIc0pPOw%3D%3D,"['ร้านกาแฟ/ชา', 'คาเฟ่']",[],,[''],[],{},{},,0,0,,,,,0,0,0,0,0
ครัวน้ำย้อย,,https://www.wongnai.com/restaurants/346657pq-%E0%B8%84%E0%B8%A3%E0%B8%B1%E0%B8%A7%E0%B8%99%E0%B9%89%E0%B8%B3%E0%B8%A2%E0%B9%89%E0%B8%AD%E0%B8%A2?_st=cD0xMDtiPTM0NjY1NzthZD1mYWxzZTt0PTE3MjU4OTkxNjEzNjE7cmk9MVg3YjVuZjl2Yk5jdGIydGROMFF1aVFsaGl2blZzO2k9MVg3MFo3UWtXRmlaOFdDOEU1M2sySm1CRnpycDlpO3dyZWY9c3I7,"['อาหารใต้', 'อาหารตามสั่ง']",[],,[''],[],{},{},,0,0,,,,,0,0,0,0,0
Otter in the rain,,https://www.wongnai.com/restaurants/2571665Bp-otter-in-the-rain?_st=cD0wO2I9MjU3MTY2NTthZD10cnVlO3Q9MTcyNTg5OTM5MDMzNztyaT0xWDdiNW5mY2ZuY01BRmlaWTEwRmQ5VU9sZHUzREg7aT0xWDcwWjdSREJpc05uRnJkNGRCdmVwWW05SnBqcmE7d3JlZj1zcjs%3D,"['อาหารตามสั่ง', 'อาหารนานาชาติ']",[],,[''],[],{},{},,0,0,,,,,0,0,0,0,0
soul cafe phuket (soul cafe) Laguna Phuket,soul cafe phuket (soul cafe) Laguna Phuket,https://www.wongnai.com/restaurants/458690ss-soul-cafe-phuket-soul-cafe-laguna-phuket-soul-cafe-phuket-soul-cafe-laguna-phuket?_st=cD0xO2I9NDU4NjkwO2FkPWZhbHNlO3Q9MTcyNTg5OTM5MDM0OTtyaT0xWDdiNW5mY21zUE94NVQwZnRSdXI1WVlXQXZaWjI7aT0xWDcwWjdSREJpc05uRnJkNGRCdmVwWW05SnBqcmE7d3JlZj1zcjs%3D,"['คาเฟ่', 'ร้านกาแฟ/ชา', 'เบเกอรี/เค้ก']",[],,[''],[],{},{},,0,0,,,,,0,0,0,0,0
Five Star,โลตัสสามกอง,https://www.wongnai.com/restaurants/1750079zr-five-star-%E0%B9%82%E0%B8%A5%E0%B8%95%E0%B8%B1%E0%B8%AA%E0%B8%AA%E0%B8%B2%E0%B8%A1%E0%B8%81%E0%B8%AD%E0%B8%87?_st=cD0yO2I9MTc1MDA3OTthZD1mYWxzZTt0PTE3MjU4OTkzOTAzNTI7cmk9MVg3YjVuZmNtSER6TXhkZEw1dEFjcmFMYTdBZVhaO2k9MVg3MFo3UkRCaXNObkZyZDRkQnZlcFltOUpwanJhO3dyZWY9c3I7,"['ปิ้งย่าง', 'สตรีทฟู้ด/รถเข็น']",[],,[''],[],{},{},,0,0,,,,,0,0,0,0,0
บางเจี้ยม ติ่มซำ (Bang Jiem) ,-,https://www.wongnai.com/restaurants/244540yO-%E0%B8%9A%E0%B8%B2%E0%B8%87%E0%B9%80%E0%B8%88%E0%B8%B5%E0%B9%89%E0%B8%A2%E0%B8%A1-%E0%B8%95%E0%B8%B4%E0%B9%88%E0%B8%A1%E0%B8%8B%E0%B8%B3-bang-jiem?_st=cD0zO2I9MjQ0NTQwO2FkPWZhbHNlO3Q9MTcyNTg5OTM5MDM1MztyaT0xWDdiNW5mY2l2RGcxWGx0bnlKZHY4TldtY3hlaG47aT0xWDcwWjdSREJpc05uRnJkNGRCdmVwWW05SnBqcmE7d3JlZj1zcjs%3D,"['ติ่มซำ', 'อาหารจีน', 'อาหารเช้า']",[],,[''],[],{},{},,0,0,,,,,0,0,0,0,0
Romdee Cafe,-,https://www.wongnai.com/restaurants/2455082rm-romdee-cafe?_st=cD00O2I9MjQ1NTA4MjthZD1mYWxzZTt0PTE3MjU4OTkzOTAzNTQ7cmk9MVg3YjVuZmNtNU9Ca2lwYW1jc0pQdW91WVdxSjBSO2k9MVg3MFo3UkRCaXNObkZyZDRkQnZlcFltOUpwanJhO3dyZWY9c3I7,['คาเฟ่'],[],,[''],[],{},{},,0,0,,,,,0,0,0,0,0
Cannelle Bakery & Co,CANNELLE KATA,https://www.wongnai.com/restaurants/2106474UX-cannelle-bakery-co-cannelle-kata?_st=cD01O2I9MjEwNjQ3NDthZD1mYWxzZTt0PTE3MjU4OTkzOTAzNTQ7cmk9MVg3YjVuZmNraUZ3Q21hNjFGN0twbTM4UFV2bTBZO2k9MVg3MFo3UkRCaXNObkZyZDRkQnZlcFltOUpwanJhO3dyZWY9c3I7,['คาเฟ่'],[],,[''],[],{},{},,0,0,,,,,0,0,0,0,0
หมี่อ่าวเก,Mee Ao Kae Noodle,https://www.wongnai.com/restaurants/8807Rx-%E0%B8%AB%E0%B8%A1%E0%B8%B5%E0%B9%88%E0%B8%AD%E0%B9%88%E0%B8%B2%E0%B8%A7%E0%B9%80%E0%B8%81-mee-ao-kae-noodle?_st=cD02O2I9ODgwNzthZD1mYWxzZTt0PTE3MjU4OTkzOTAzNTg7cmk9MVg3YjVuZmNqUXM2NmNLM3BPVkNQQUViY0ZKUnRUO2k9MVg3MFo3UkRCaXNObkZyZDRkQnZlcFltOUpwanJhO3dyZWY9c3I7,"['ก๋วยเตี๋ยว', 'อาหารตามสั่ง']",[],,[''],[],{},{},,0,0,,,,,0,0,0,0,0
ต้นมะยม,,https://www.wongnai.com/restaurants/147527rs-%E0%B8%95%E0%B9%89%E0%B8%99%E0%B8%A1%E0%B8%B0%E0%B8%A2%E0%B8%A1?_st=cD03O2I9MTQ3NTI3O2FkPWZhbHNlO3Q9MTcyNTg5OTM5MDM1OTtyaT0xWDdiNW5mY2xmNGx2NlRvZGhNNWdmUUxZSTdzdGo7aT0xWDcwWjdSREJpc05uRnJkNGRCdmVwWW05SnBqcmE7d3JlZj1zcjs%3D,['อาหารไทย'],[],,[''],[],{},{},,0,0,,,,,0,0,0,0,0
Çava Bien Marché,,https://www.wongnai.com/restaurants/1213013jR-%C3%A7ava-bien-march%C3%A9?_st=cD04O2I9MTIxMzAxMzthZD1mYWxzZTt0PTE3MjU4OTkzOTAzNTk7cmk9MVg3YjVuZmNrcGljMm1iRDVZQmJLNGNhRUprSktTO2k9MVg3MFo3UkRCaXNObkZyZDRkQnZlcFltOUpwanJhO3dyZWY9c3I7,['อาหารฝรั่งเศส'],[],,[''],[],{},{},,0,0,,,,,0,0,0,0,0
Pizza Hut,เซ็นทรัลฟรอเรสต้าภูเก็ต,https://www.wongnai.com/restaurants/421155rC-pizza-hut-%E0%B9%80%E0%B8%8B%E0%B9%87%E0%B8%99%E0%B8%97%E0%B8%A3%E0%B8%B1%E0%B8%A5%E0%B8%9F%E0%B8%A3%E0%B8%AD%E0%B9%80%E0%B8%A3%E0%B8%AA%E0%B8%95%E0%B9%89%E0%B8%B2%E0%B8%A0%E0%B8%B9%E0%B9%80%E0%B8%81%E0%B9%87%E0%B8%95?_st=cD05O2I9NDIxMTU1O2FkPWZhbHNlO3Q9MTcyNTg5OTM5MDM2MDtyaT0xWDdiNW5mY24zUDFZWnN6Rk9pMnRldXUwWWlzYmE7aT0xWDcwWjdSREJpc05uRnJkNGRCdmVwWW05SnBqcmE7d3JlZj1zcjs%3D,"['พิซซ่า', 'ฟาสต์ฟู้ด/จานด่วน']",[],,[''],[],{},{},,0,0,,,,,0,0,0,0,0
บุญรัตน์ติ่มซำ,ดิลกอุทิศ,https://www.wongnai.com/restaurants/19353XK-%E0%B8%9A%E0%B8%B8%E0%B8%8D%E0%B8%A3%E0%B8%B1%E0%B8%95%E0%B8%99%E0%B9%8C%E0%B8%95%E0%B8%B4%E0%B9%88%E0%B8%A1%E0%B8%8B%E0%B8%B3-%E0%B8%94%E0%B8%B4%E0%B8%A5%E0%B8%81%E0%B8%AD%E0%B8%B8%E0%B8%97%E0%B8%B4%E0%B8%A8?_st=cD0xMDtiPTE5MzUzO2FkPWZhbHNlO3Q9MTcyNTg5OTM5MDM2MDtyaT0xWDdiNW5mY2hVM2xNbUxRZk02R1Uzd2xpMkJKVU47aT0xWDcwWjdSREJpc05uRnJkNGRCdmVwWW05SnBqcmE7d3JlZj1zcjs%3D,"['ติ่มซำ', 'อาหารเช้า']",[],,[''],[],{},{},,0,0,,,,,0,0,0,0,0
Helen KTV Helen,,https://www.wongnai.com/restaurants/2551731jZ-helen-ktv?_st=cD0wO2I9MjU1MTczMTthZD10cnVlO3Q9MTcyNTg5OTcxMTUyNDtyaT0xWDdiNW5nSDZaTXFPZ28wWldvUHI5ZkhHSTZtckY7aT0xWDcwWjdScmQ3dGZocDFYbzdwakRWbEY5YVg0RHI7d3JlZj1zcjs%3D,"['คาราโอเกะ', 'อาหารไทย', 'เครื่องดื่ม/น้ำผลไม้']",[],,[''],[],{},{},,0,0,,,,,0,0,0,0,0
Aogami Ramen Cafe,Aogami Ramen Cafe,https://www.wongnai.com/restaurants/641060GJ-aogami-ramen-cafe-aogami-ramen-cafe?_st=cD0xO2I9NjQxMDYwO2FkPWZhbHNlO3Q9MTcyNTg5OTcxMTUzNDtyaT0xWDdiNW5nSDJkdDV1SVhCWjdtTXBBdm1kUExkbnU7aT0xWDcwWjdScmQ3dGZocDFYbzdwakRWbEY5YVg0RHI7d3JlZj1zcjs%3D,['อาหารญี่ปุ่น'],[],,[''],[],{},{},,0,0,,,,,0,0,0,0,0
เพชรตาปีสุกี้ ภูเก็ต 鑽石鍋,,https://www.wongnai.com/restaurants/1825888yM-%E0%B9%80%E0%B8%9E%E0%B8%8A%E0%B8%A3%E0%B8%95%E0%B8%B2%E0%B8%9B%E0%B8%B5%E0%B8%AA%E0%B8%B8%E0%B8%81%E0%B8%B5%E0%B9%89-%E0%B8%A0%E0%B8%B9%E0%B9%80%E0%B8%81%E0%B9%87%E0%B8%95-%E9%91%BD%E7%9F%B3%E9%8D%8B?_st=cD0yO2I9MTgyNTg4ODthZD1mYWxzZTt0PTE3MjU4OTk3MTE1MzQ7cmk9MVg3YjVuZ0gxSlVYQ05CYXl6YUtEeFVwSG11Y0M5O2k9MVg3MFo3UnJkN3RmaHAxWG83cGpEVmxGOWFYNERyO3dyZWY9c3I7,"['ชาบู/สุกี้ยากี้/หม้อไฟ', 'ของหวาน']",[],,[''],[],{},{},,0,0,,,,,0,0,0,0,0
ครัวใบกล้วย,ภูเก็ต,https://www.wongnai.com/restaurants/khruabaigluay?_st=cD0zO2I9MjA5NDM4O2FkPWZhbHNlO3Q9MTcyNTg5OTcxMTUzODtyaT0xWDdiNW5nSDJzQ0VBSzZlWG5XSndFUENlSlFSY1k7aT0xWDcwWjdScmQ3dGZocDFYbzdwakRWbEY5YVg0RHI7d3JlZj1zcjs%3D,"['อาหารไทย', 'อาหารตามสั่ง']",[],,[''],[],{},{},,0,0,,,,,0,0,0,0,0
House of Tin Baron,,https://www.wongnai.com/restaurants/2501001MO-house-of-tin-baron?_st=cD00O2I9MjUwMTAwMTthZD1mYWxzZTt0PTE3MjU4OTk3MTE1Mzk7cmk9MVg3YjVuZ0g2Q0JCRUREVHJucmRmT0U3NzJaUXU4O2k9MVg3MFo3UnJkN3RmaHAxWG83cGpEVmxGOWFYNERyO3dyZWY9c3I7,['อาหารไทย'],[],,[''],[],{},{},,0,0,,,,,0,0,0,0,0
Yakiniku Koku,,https://www.wongnai.com/restaurants/248316fM-yakiniku-koku?_st=cD01O2I9MjQ4MzE2O2FkPWZhbHNlO3Q9MTcyNTg5OTcxMTU0NTtyaT0xWDdiNW5nSDRpbUpYV25tRWxPYVhYZmxnUW95bFI7aT0xWDcwWjdScmQ3dGZocDFYbzdwakRWbEY5YVg0RHI7d3JlZj1zcjs%3D,['ปิ้งย่าง'],[],,[''],[],{},{},,0,0,,,,,0,0,0,0,0
ชมจันทร์,,https://www.wongnai.com/restaurants/223646nV-%E0%B8%8A%E0%B8%A1%E0%B8%88%E0%B8%B1%E0%B8%99%E0%B8%97%E0%B8%A3%E0%B9%8C?_st=cD02O2I9MjIzNjQ2O2FkPWZhbHNlO3Q9MTcyNTg5OTcxMTU0NTtyaT0xWDdiNW5nSDM2VkFsQ3RER2QySnJ1QkoyamRQRlI7aT0xWDcwWjdScmQ3dGZocDFYbzdwakRWbEY5YVg0RHI7d3JlZj1zcjs%3D,['อาหารไทย'],[],,[''],[],{},{},,0,0,,,,,0,0,0,0,0
Wagyu Steakhouse,,https://www.wongnai.com/restaurants/652168ou-wagyu-steakhouse?_st=cD03O2I9NjUyMTY4O2FkPWZhbHNlO3Q9MTcyNTg5OTcxMTU0NjtyaT0xWDdiNW5nSDBWZ1lZU3RTOEZoOWF1S3dnTjhtYXE7aT0xWDcwWjdScmQ3dGZocDFYbzdwakRWbEY5YVg0RHI7d3JlZj1zcjs%3D,['อาหารนานาชาติ'],[],,[''],[],{},{},,0,0,,,,,0,0,0,0,0
Scarletta pasta bar,Phuket Old Town,https://www.wongnai.com/restaurants/scarletta-phuket?_st=cD04O2I9Mjg5OTc3MTthZD1mYWxzZTt0PTE3MjU4OTk3MTE1NDY7cmk9MVg3YjVuZ0g0Y0JXV0JjZFJheWR6NWpXRXhOek9oO2k9MVg3MFo3UnJkN3RmaHAxWG83cGpEVmxGOWFYNERyO3dyZWY9c3I7,"['อาหารนานาชาติ', 'อาหารจานเดียว']",[],,[''],[],{},{},,0,0,,,,,0,0,0,0,0
Takieng,Renaissance Phuket Resort & Spa,https://www.wongnai.com/restaurants/133387Qs-takieng-renaissance-phuket-resort-spa?_st=cD0yMTtiPTEzMzM4NzthZD1mYWxzZTt0PTE3MjU4OTk1ODk5NTg7cmk9MVg3YjVuZzFuQnh3WUdOUmVHQWdIb2JNS3BudE1yO2k9MVg3MFo3UmNDNkdtUGkyaHo1dksxWlc4UEo2Y3dxO3dyZWY9YW5kcm9pZDs%3D,['อาหารไทย'],[],,[''],[],{},{},,0,0,,,,,0,0,0,0,0
ปังปัง - ขอให้ปัง,หน้าสนามสุระกุล,https://www.wongnai.com/restaurants/1873296Tt-%E0%B8%9B%E0%B8%B1%E0%B8%87%E0%B8%9B%E0%B8%B1%E0%B8%87-%E0%B8%82%E0%B8%AD%E0%B9%83%E0%B8%AB%E0%B9%89%E0%B8%9B%E0%B8%B1%E0%B8%87-%E0%B8%AB%E0%B8%99%E0%B9%89%E0%B8%B2%E0%B8%AA%E0%B8%99%E0%B8%B2%E0%B8%A1%E0%B8%AA%E0%B8%B8%E0%B8%A3%E0%B8%B0%E0%B8%81%E0%B8%B8%E0%B8%A5?_st=cD0xMDtiPTE4NzMyOTY7YWQ9ZmFsc2U7dD0xNzI1ODk5NzExNTQ2O3JpPTFYN2I1bmdINXFLakxERkNqcVFMeXAxZTRqZ3phYjtpPTFYNzBaN1JyZDd0ZmhwMVhvN3BqRFZsRjlhWDREcjt3cmVmPXNyOw%3D%3D,"['คาเฟ่', 'ชานมไข่มุก', 'ของหวาน']",[],,[''],[],{},{},,0,0,,,,,0,0,0,0,0
เจี่ยย์ติ่มซำ บะกุดเต๋ ของฝาก,Phuket,https://www.wongnai.com/restaurants/1518377ir-%E0%B9%80%E0%B8%88%E0%B8%B5%E0%B9%88%E0%B8%A2%E0%B8%A2%E0%B9%8C%E0%B8%95%E0%B8%B4%E0%B9%88%E0%B8%A1%E0%B8%8B%E0%B8%B3-%E0%B8%9A%E0%B8%B0%E0%B8%81%E0%B8%B8%E0%B8%94%E0%B9%80%E0%B8%95%E0%B9%8B-%E0%B8%82%E0%B8%AD%E0%B8%87%E0%B8%9D%E0%B8%B2%E0%B8%81-phuket?_st=cD0xO2I9MTUxODM3NzthZD1mYWxzZTt0PTE3MjU4OTk5NTMwODc7cmk9MVg3YjVuZ2xYV3hhTFpnODhqaWNJZzltTUZBQmJpO2k9MVg3MFo3U0xyT2QyVW9YR1pEVUR4RGJwSVllaUs0O3dyZWY9c3I7,"['อาหารไทย', 'ติ่มซำ', 'อาหารตามสั่ง']",[],,[''],[],{},{},,0,0,,,,,0,0,0,0,0
โรตีแถวน้ำ ภูเก็ต,,https://www.wongnai.com/restaurants/110252xC-%E0%B9%82%E0%B8%A3%E0%B8%95%E0%B8%B5%E0%B9%81%E0%B8%96%E0%B8%A7%E0%B8%99%E0%B9%89%E0%B8%B3-%E0%B8%A0%E0%B8%B9%E0%B9%80%E0%B8%81%E0%B9%87%E0%B8%95?_st=cD0yO2I9MTEwMjUyO2FkPWZhbHNlO3Q9MTcyNTg5OTk1MzA5NztyaT0xWDdiNW5nbFRIMkw3YU1DbktJR294NmtuRFVYMmQ7aT0xWDcwWjdTTHJPZDJVb1hHWkRVRHhEYnBJWWVpSzQ7d3JlZj1zcjs%3D,"['อาหารมุสลิม/ฮาลาล', 'ของหวาน', 'อาหารเช้า']",[],,[''],[],{},{},,0,0,,,,,0,0,0,0,0
คุณจี๊ดยอดผัก ตลาดใหญ่,,https://www.wongnai.com/restaurants/111912eC-%E0%B8%84%E0%B8%B8%E0%B8%93%E0%B8%88%E0%B8%B5%E0%B9%8A%E0%B8%94%E0%B8%A2%E0%B8%AD%E0%B8%94%E0%B8%9C%E0%B8%B1%E0%B8%81?_st=cD0zO2I9MTExOTEyO2FkPWZhbHNlO3Q9MTcyNTg5OTk1MzA5OTtyaT0xWDdiNW5nbFF4ZHlzWG9YS2QyM3RoMmg2TkJMZHc7aT0xWDcwWjdTTHJPZDJVb1hHWkRVRHhEYnBJWWVpSzQ7d3JlZj1zcjs%3D,"['อาหารตามสั่ง', 'อาหารจานเดียว']",[],,[''],[],{},{},,0,0,,,,,0,0,0,0,0
ฉ๋ายเซียนฟง ติ่มซำ,,https://www.wongnai.com/restaurants/353629sd-%E0%B8%89%E0%B9%8B%E0%B8%B2%E0%B8%A2%E0%B9%80%E0%B8%8B%E0%B8%B5%E0%B8%A2%E0%B8%99%E0%B8%9F%E0%B8%87-%E0%B8%95%E0%B8%B4%E0%B9%88%E0%B8%A1%E0%B8%8B%E0%B8%B3?_st=cD00O2I9MzUzNjI5O2FkPWZhbHNlO3Q9MTcyNTg5OTk1MzEwMDtyaT0xWDdiNW5nbFFmdjhTd3NsdTBtTGIwRVpURmU3MEk7aT0xWDcwWjdTTHJPZDJVb1hHWkRVRHhEYnBJWWVpSzQ7d3JlZj1zcjs%3D,"['อาหารจีน', 'ติ่มซำ']",[],,[''],[],{},{},,0,0,,,,,0,0,0,0,0
Pizza Hut,จังซีลอน,https://www.wongnai.com/restaurants/720732DB-pizza-hut-%E0%B8%88%E0%B8%B1%E0%B8%87%E0%B8%8B%E0%B8%B5%E0%B8%A5%E0%B8%AD%E0%B8%99?_st=cD01O2I9NzIwNzMyO2FkPWZhbHNlO3Q9MTcyNTg5OTk1MzEwMjtyaT0xWDdiNW5nbFVhSGtuSElINTZjVnlYT2xKRVpJalQ7aT0xWDcwWjdTTHJPZDJVb1hHWkRVRHhEYnBJWWVpSzQ7d3JlZj1zcjs%3D,"['พิซซ่า', 'ฟาสต์ฟู้ด/จานด่วน']",[],,[''],[],{},{},,0,0,,,,,0,0,0,0,0
ข้าวมันไก่ดอนเมือง,วัดเทพ,https://www.wongnai.com/restaurants/615648jj-%E0%B8%82%E0%B9%89%E0%B8%B2%E0%B8%A7%E0%B8%A1%E0%B8%B1%E0%B8%99%E0%B9%84%E0%B8%81%E0%B9%88%E0%B8%94%E0%B8%AD%E0%B8%99%E0%B9%80%E0%B8%A1%E0%B8%B7%E0%B8%AD%E0%B8%87-%E0%B8%A7%E0%B8%B1%E0%B8%94%E0%B9%80%E0%B8%97%E0%B8%9E?_st=cD02O2I9NjE1NjQ4O2FkPWZhbHNlO3Q9MTcyNTg5OTk1MzEwMztyaT0xWDdiNW5nbFF0UEp3emczbWtRMU9zalZWaHdxQU87aT0xWDcwWjdTTHJPZDJVb1hHWkRVRHhEYnBJWWVpSzQ7d3JlZj1zcjs%3D,['อาหารจานเดียว'],[],,[''],[],{},{},,0,0,,,,,0,0,0,0,0
PRU,,https://www.wongnai.com/restaurants/423380ar-pru?_st=cD03O2I9NDIzMzgwO2FkPWZhbHNlO3Q9MTcyNTg5OTk1MzEwNDtyaT0xWDdiNW5nbFFHMHBLajdxZkhmSGtBdTZ4Um91T3A7aT0xWDcwWjdTTHJPZDJVb1hHWkRVRHhEYnBJWWVpSzQ7d3JlZj1zcjs%3D,"['อาหารฟิวชั่น', 'อาหารนานาชาติ']",[],,[''],[],{},{},,0,0,,,,,0,0,0,0,0
ร้านอาหารภูณิศา,ภูเก็ต,https://www.wongnai.com/restaurants/439096ps-%E0%B8%A3%E0%B9%89%E0%B8%B2%E0%B8%99%E0%B8%AD%E0%B8%B2%E0%B8%AB%E0%B8%B2%E0%B8%A3%E0%B8%A0%E0%B8%B9%E0%B8%93%E0%B8%B4%E0%B8%A8%E0%B8%B2-%E0%B8%A0%E0%B8%B9%E0%B9%80%E0%B8%81%E0%B9%87%E0%B8%95?_st=cD04O2I9NDM5MDk2O2FkPWZhbHNlO3Q9MTcyNTg5OTk1MzEwNDtyaT0xWDdiNW5nbFRYSnM0ZmpDUDRXUVVrUXFWRnJXdXQ7aT0xWDcwWjdTTHJPZDJVb1hHWkRVRHhEYnBJWWVpSzQ7d3JlZj1zcjs%3D,"['อาหารไทย', 'อาหารทะเล', 'อาหารใต้']",[],,[''],[],{},{},,0,0,,,,,0,0,0,0,0
ม่วนใจ๋ สะป๊ะข๋องกิ๋นลำ,-,https://www.wongnai.com/restaurants/1381220Jm-%E0%B8%A1%E0%B9%88%E0%B8%A7%E0%B8%99%E0%B9%83%E0%B8%88%E0%B9%8B-%E0%B8%AA%E0%B8%B0%E0%B8%9B%E0%B9%8A%E0%B8%B0%E0%B8%82%E0%B9%8B%E0%B8%AD%E0%B8%87%E0%B8%81%E0%B8%B4%E0%B9%8B%E0%B8%99%E0%B8%A5%E0%B8%B3?_st=cD05O2I9MTM4MTIyMDthZD1mYWxzZTt0PTE3MjU4OTk5NTMxMDQ7cmk9MVg3YjVuZ2xXYk5wMjRSZGJSVnRlVDQ4bG5Bd29FO2k9MVg3MFo3U0xyT2QyVW9YR1pEVUR4RGJwSVllaUs0O3dyZWY9c3I7,['อาหารเหนือ'],[],,[''],[],{},{},,0,0,,,,,0,0,0,0,0
Royd,Phuket,https://www.wongnai.com/restaurants/1543519Hm-royd-phuket?_st=cD0xMDtiPTE1NDM1MTk7YWQ9ZmFsc2U7dD0xNzI1ODk5OTUzMTA4O3JpPTFYN2I1bmdsWFRQbDdkSEZlNDFuY2YwejdoRjFpcjtpPTFYNzBaN1NMck9kMlVvWEdaRFVEeERicElZZWlLNDt3cmVmPXNyOw%3D%3D,['อาหารใต้'],[],,[''],[],{},{},,0,0,,,,,0,0,0,0,0
หวังตี้เยี่ยน 皇帝宴,พูนผลไนท์พลาซ่า,https://www.wongnai.com/restaurants/2077950Up-%E0%B8%AB%E0%B8%A7%E0%B8%B1%E0%B8%87%E0%B8%95%E0%B8%B5%E0%B9%89%E0%B9%80%E0%B8%A2%E0%B8%B5%E0%B9%88%E0%B8%A2%E0%B8%99-%E7%9A%87%E5%B8%9D%E5%AE%B4-phoonphon-night-plaza?_st=cD0wO2I9MjA3Nzk1MDthZD10cnVlO3Q9MTcyNTkwMDIwMjg2MjtyaT0xWDdiNW5oR2lTQllOSEtHaTFjTVhLUU52SnpxMEo7aT0xWDcwWjdTckpqWUJuQmlQRDZIZkpoWW1wVkNxdkU7d3JlZj1zcjs%3D,"['อาหารจีน', 'ชาบู/สุกี้ยากี้/หม้อไฟ', 'อาหารตามสั่ง']",[],,[''],[],{},{},,0,0,,,,,0,0,0,0,0
ขนมอาโป๊งแม่สุณี,,https://www.wongnai.com/restaurants/133260PV-%E0%B8%82%E0%B8%99%E0%B8%A1%E0%B8%AD%E0%B8%B2%E0%B9%82%E0%B8%9B%E0%B9%8A%E0%B8%87%E0%B9%81%E0%B8%A1%E0%B9%88%E0%B8%AA%E0%B8%B8%E0%B8%93%E0%B8%B5?_st=cD0xO2I9MTMzMjYwO2FkPWZhbHNlO3Q9MTcyNTkwMDIwMjg3NjtyaT0xWDdiNW5oR25qd2xTMHdNRzNuN1BPSkZBaDRTUnk7aT0xWDcwWjdTckpqWUJuQmlQRDZIZkpoWW1wVkNxdkU7d3JlZj1zcjs%3D,"['สตรีทฟู้ด/รถเข็น', 'ของหวาน']",[],,[''],[],{},{},,0,0,,,,,0,0,0,0,0
ร้านอาหารปันตัย,ไม่มีสาขา,https://www.wongnai.com/restaurants/195549aS-%E0%B8%A3%E0%B9%89%E0%B8%B2%E0%B8%99%E0%B8%AD%E0%B8%B2%E0%B8%AB%E0%B8%B2%E0%B8%A3%E0%B8%9B%E0%B8%B1%E0%B8%99%E0%B8%95%E0%B8%B1%E0%B8%A2-%E0%B9%84%E0%B8%A1%E0%B9%88%E0%B8%A1%E0%B8%B5%E0%B8%AA%E0%B8%B2%E0%B8%82%E0%B8%B2?_st=cD0yO2I9MTk1NTQ5O2FkPWZhbHNlO3Q9MTcyNTkwMDIwMjg3NztyaT0xWDdiNW5oR2x6Z1NwblN3Z2RtZVRnNWV1bWI0ZW47aT0xWDcwWjdTckpqWUJuQmlQRDZIZkpoWW1wVkNxdkU7d3JlZj1zcjs%3D,"['อาหารทะเล', 'อาหารมุสลิม/ฮาลาล', 'อาหารไทย']",[],,[''],[],{},{},,0,0,,,,,0,0,0,0,0
Marni,Phuket Town,https://www.wongnai.com/restaurants/1156478kU-marni-phuket-town?_st=cD0zO2I9MTE1NjQ3ODthZD1mYWxzZTt0PTE3MjU5MDAyMDI4Nzg7cmk9MVg3YjVuaEdsREdlSUZyYlkwM2UxbGFaVTZxQWg0O2k9MVg3MFo3U3JKallCbkJpUEQ2SGZKaFltcFZDcXZFO3dyZWY9c3I7,['อาหารอิตาเลียน'],[],,[''],[],{},{},,0,0,,,,,0,0,0,0,0
ส้มตำยำ 3 อ่าว,,https://www.wongnai.com/restaurants/2593090la-%E0%B8%AA%E0%B9%89%E0%B8%A1%E0%B8%95%E0%B8%B3%E0%B8%A2%E0%B8%B3-3-%E0%B8%AD%E0%B9%88%E0%B8%B2%E0%B8%A7?_st=cD00O2I9MjU5MzA5MDthZD1mYWxzZTt0PTE3MjU5MDAyMDI4Nzk7cmk9MVg3YjVuaEdsYTVaMDVUR0liVFV5WDJQMkJ6Y3RTO2k9MVg3MFo3U3JKallCbkJpUEQ2SGZKaFltcFZDcXZFO3dyZWY9c3I7,"['อาหารอีสาน/ร้านส้มตำ', 'อาหารไทย', 'อื่นๆ']",[],,[''],[],{},{},,0,0,,,,,0,0,0,0,0
แหลมทราย ซีฟู้ด,,https://www.wongnai.com/restaurants/870TO-%E0%B9%81%E0%B8%AB%E0%B8%A5%E0%B8%A1%E0%B8%97%E0%B8%A3%E0%B8%B2%E0%B8%A2-%E0%B8%8B%E0%B8%B5%E0%B8%9F%E0%B8%B9%E0%B9%89%E0%B8%94?_st=cD01O2I9ODcwO2FkPWZhbHNlO3Q9MTcyNTkwMDIwMjg4MDtyaT0xWDdiNW5oR29MYlNSdElYUm1CZFZxWGRZV3NsSWU7aT0xWDcwWjdTckpqWUJuQmlQRDZIZkpoWW1wVkNxdkU7d3JlZj1zcjs%3D,['อาหารทะเล'],[],,[''],[],{},{},,0,0,,,,,0,0,0,0,0
the5th element coffee,ภูเก็ต,https://www.wongnai.com/restaurants/1887851aU-the5th-element-coffee-%E0%B8%A0%E0%B8%B9%E0%B9%80%E0%B8%81%E0%B9%87%E0%B8%95?_st=cD02O2I9MTg4Nzg1MTthZD1mYWxzZTt0PTE3MjU5MDAyMDI4ODA7cmk9MVg3YjVuaEdtOFNma1RZakVpakZOZFJMVElGbXNNO2k9MVg3MFo3U3JKallCbkJpUEQ2SGZKaFltcFZDcXZFO3dyZWY9c3I7,"['อื่นๆ', 'คาเฟ่', 'ร้านกาแฟ/ชา']",[],,[''],[],{},{},,0,0,,,,,0,0,0,0,0
ข้าวต้มเขารัง,,https://www.wongnai.com/restaurants/149621VA-%E0%B8%82%E0%B9%89%E0%B8%B2%E0%B8%A7%E0%B8%95%E0%B9%89%E0%B8%A1%E0%B9%80%E0%B8%82%E0%B8%B2%E0%B8%A3%E0%B8%B1%E0%B8%87?_st=cD03O2I9MTQ5NjIxO2FkPWZhbHNlO3Q9MTcyNTkwMDIwMjg4MTtyaT0xWDdiNW5oR2lVNG1UZGdXc2luUVBZRURJdXNMajM7aT0xWDcwWjdTckpqWUJuQmlQRDZIZkpoWW1wVkNxdkU7d3JlZj1zcjs%3D,"['ร้านข้าวต้ม', 'อาหารตามสั่ง', 'อาหารไทย']",[],,[''],[],{},{},,0,0,,,,,0,0,0,0,0
FOLD Sourdough,Phuket town,https://www.wongnai.com/restaurants/2203016XK-fold-sourdough-phuket-town?_st=cD04O2I9MjIwMzAxNjthZD1mYWxzZTt0PTE3MjU5MDAyMDI4ODE7cmk9MVg3YjVuaEdubWFmTGNUeVFsYkU3TTVJeTlHYXZHO2k9MVg3MFo3U3JKallCbkJpUEQ2SGZKaFltcFZDcXZFO3dyZWY9c3I7,"['เบเกอรี/เค้ก', 'อาหารเช้า']",[],,[''],[],{},{},,0,0,,,,,0,0,0,0,0
Le Méridien Phuket Beach Resort,,https://www.wongnai.com/restaurants/153659aP-le-m%C3%A9ridien-phuket-beach-resort?_st=cD05O2I9MTUzNjU5O2FkPWZhbHNlO3Q9MTcyNTkwMDIwMjg4NDtyaT0xWDdiNW5oR2tkRVFueExSMFJuTE0ydG1hVWFERUo7aT0xWDcwWjdTckpqWUJuQmlQRDZIZkpoWW1wVkNxdkU7d3JlZj1zcjs%3D,"['พิซซ่า', 'อาหารนานาชาติ']",[],,[''],[],{},{},,0,0,,,,,0,0,0,0,0
Five Star,ชุมชนเชิงทะเล,https://www.wongnai.com/restaurants/2093062ag-five-star-%E0%B8%8A%E0%B8%B8%E0%B8%A1%E0%B8%8A%E0%B8%99%E0%B9%80%E0%B8%8A%E0%B8%B4%E0%B8%87%E0%B8%97%E0%B8%B0%E0%B9%80%E0%B8%A5?_st=cD0xMDtiPTIwOTMwNjI7YWQ9ZmFsc2U7dD0xNzI1OTAwMjAyODg2O3JpPTFYN2I1bmhHbDl0R3JjZnBRMk81QTBKTnhIdDFOcztpPTFYNzBaN1NySmpZQm5CaVBENkhmSmhZbXBWQ3F2RTt3cmVmPXNyOw%3D%3D,"['ปิ้งย่าง', 'สตรีทฟู้ด/รถเข็น']",[],,[''],[],{},{},,0,0,,,,,0,0,0,0,0
โกยูรหมี่ฮกเกี้ยน,,https://www.wongnai.com/restaurants/18761WJ-%E0%B9%82%E0%B8%81%E0%B8%A2%E0%B8%B9%E0%B8%A3%E0%B8%AB%E0%B8%A1%E0%B8%B5%E0%B9%88%E0%B8%AE%E0%B8%81%E0%B9%80%E0%B8%81%E0%B8%B5%E0%B9%89%E0%B8%A2%E0%B8%99?_st=cD0xO2I9MTg3NjE7YWQ9ZmFsc2U7dD0xNzI1OTAwNDcxNTQ2O3JpPTFYN2I1bmhvYlRacmI2OUlCSDdhdElSdXhiZlMwODtpPTFYNzBaN1RQNXpjd2tTbWFKRGZVVlhVWUxXakpKVzt3cmVmPXNyOw%3D%3D,['ก๋วยเตี๋ยว'],[],,[''],[],{},{},,0,0,,,,,0,0,0,0,0
ZThru Cafe Phuket,,https://www.wongnai.com/restaurants/310336zH-zthru-cafe-phuket?_st=cD0yO2I9MzEwMzM2O2FkPWZhbHNlO3Q9MTcyNTkwMDQ3MTU0NztyaT0xWDdiNW5ob1hFQUpVSEFXZlRjU05uSjdhalNrcjE7aT0xWDcwWjdUUDV6Y3drU21hSkRmVVZYVVlMV2pKSlc7d3JlZj1zcjs%3D,['คาเฟ่'],[],,[''],[],{},{},,0,0,,,,,0,0,0,0,0
ก๋วยเตี๋ยวเรือ ราไวย์ ซอยไสยวน,,https://www.wongnai.com/restaurants/272151Mc-%E0%B8%81%E0%B9%8B%E0%B8%A7%E0%B8%A2%E0%B9%80%E0%B8%95%E0%B8%B5%E0%B9%8B%E0%B8%A2%E0%B8%A7%E0%B9%80%E0%B8%A3%E0%B8%B7%E0%B8%AD-%E0%B8%A3%E0%B8%B2%E0%B9%84%E0%B8%A7%E0%B8%A2%E0%B9%8C-%E0%B8%8B%E0%B8%AD%E0%B8%A2%E0%B9%84%E0%B8%AA%E0%B8%A2%E0%B8%A7%E0%B8%99?_st=cD0zO2I9MjcyMTUxO2FkPWZhbHNlO3Q9MTcyNTkwMDQ3MTU0NztyaT0xWDdiNW5ob2JpZFpVOU9DWHpUQmtBYVJBNUtOMUU7aT0xWDcwWjdUUDV6Y3drU21hSkRmVVZYVVlMV2pKSlc7d3JlZj1zcjs%3D,"['ก๋วยเตี๋ยว', 'อาหารตามสั่ง']",[],,[''],[],{},{},,0,0,,,,,0,0,0,0,0
WAT DA FOOD (วอทดาฟู้ด) RAWAI,,https://www.wongnai.com/restaurants/2162894XE-wat-da-food-%E0%B8%A7%E0%B8%AD%E0%B8%97%E0%B8%94%E0%B8%B2%E0%B8%9F%E0%B8%B9%E0%B9%89%E0%B8%94-rawai?_st=cD00O2I9MjE2Mjg5NDthZD1mYWxzZTt0PTE3MjU5MDA0NzE1NDc7cmk9MVg3YjVuaG9ac0xzb1ZiWXkxOU9uRVJJa20zcVplO2k9MVg3MFo3VFA1emN3a1NtYUpEZlVWWFVZTFdqSkpXO3dyZWY9c3I7,"['อาหารไทย', 'อาหารจานเดียว', 'คาเฟ่']",[],,[''],[],{},{},,0,0,,,,,0,0,0,0,0
Kelly Phuket,เชิงทะเล,https://www.wongnai.com/restaurants/2754517Sc-kelly-phuket-%E0%B9%80%E0%B8%8A%E0%B8%B4%E0%B8%87%E0%B8%97%E0%B8%B0%E0%B9%80%E0%B8%A5?_st=cD01O2I9Mjc1NDUxNzthZD1mYWxzZTt0PTE3MjU5MDA0NzE1NDg7cmk9MVg3YjVuaG9ZNlpENTZWbUVEUEVsako1czJJUFl6O2k9MVg3MFo3VFA1emN3a1NtYUpEZlVWWFVZTFdqSkpXO3dyZWY9c3I7,['คาเฟ่'],[],,[''],[],{},{},,0,0,,,,,0,0,0,0,0
หร่อย แรงส์ ซีฟู้ด,1,https://www.wongnai.com/restaurants/2522655zx-%E0%B8%AB%E0%B8%A3%E0%B9%88%E0%B8%AD%E0%B8%A2-%E0%B9%81%E0%B8%A3%E0%B8%87%E0%B8%AA%E0%B9%8C-%E0%B8%8B%E0%B8%B5%E0%B8%9F%E0%B8%B9%E0%B9%89%E0%B8%94-1?_st=cD02O2I9MjUyMjY1NTthZD1mYWxzZTt0PTE3MjU5MDA0NzE1NDg7cmk9MVg3YjVuaG9XWlVERDdEcHk0dGRFRFVDdGpXcmQwO2k9MVg3MFo3VFA1emN3a1NtYUpEZlVWWFVZTFdqSkpXO3dyZWY9c3I7,['อาหารทะเล'],[],,[''],[],{},{},,0,0,,,,,0,0,0,0,0
Haidilao Thailand,Central Phuket,https://www.wongnai.com/restaurants/637524vW-haidilao-thailand-central-phuket?_st=cD03O2I9NjM3NTI0O2FkPWZhbHNlO3Q9MTcyNTkwMDQ3MTU1MDtyaT0xWDdiNW5ob1dLbEJVM1FPSnZnV1lpYjkxNXJGSng7aT0xWDcwWjdUUDV6Y3drU21hSkRmVVZYVVlMV2pKSlc7d3JlZj1zcjs%3D,"['ชาบู/สุกี้ยากี้/หม้อไฟ', 'อาหารจีน']",[],,[''],[],{},{},,0,0,,,,,0,0,0,0,0
เขารังบรีซ,,https://www.wongnai.com/restaurants/124849xd-%E0%B9%80%E0%B8%82%E0%B8%B2%E0%B8%A3%E0%B8%B1%E0%B8%87%E0%B8%9A%E0%B8%A3%E0%B8%B5%E0%B8%8B?_st=cD04O2I9MTI0ODQ5O2FkPWZhbHNlO3Q9MTcyNTkwMDQ3MTU1MjtyaT0xWDdiNW5ob2NCbmZVOURqMjZ2NVZlQnl4TWZFVDk7aT0xWDcwWjdUUDV6Y3drU21hSkRmVVZYVVlMV2pKSlc7d3JlZj1zcjs%3D,"['อาหารเช้า', 'อาหารนานาชาติ', 'อาหารไทย']",[],,[''],[],{},{},,0,0,,,,,0,0,0,0,0
Shabu Shabu by Phuketboi,-,https://www.wongnai.com/restaurants/419467FM-shabu-shabu-by-phuketboi?_st=cD05O2I9NDE5NDY3O2FkPWZhbHNlO3Q9MTcyNTkwMDQ3MTU1MztyaT0xWDdiNW5ob1dobjdIalVxclkwSVJ0bzVQSmFBb2E7aT0xWDcwWjdUUDV6Y3drU21hSkRmVVZYVVlMV2pKSlc7d3JlZj1zcjs%3D,"['ชาบู/สุกี้ยากี้/หม้อไฟ', 'ซูชิ', 'บุฟเฟ่ต์']",[],,[''],[],{},{},,0,0,,,,,0,0,0,0,0
แหลมหินซีฟู้ด,,https://www.wongnai.com/restaurants/8816nx-%E0%B9%81%E0%B8%AB%E0%B8%A5%E0%B8%A1%E0%B8%AB%E0%B8%B4%E0%B8%99%E0%B8%8B%E0%B8%B5%E0%B8%9F%E0%B8%B9%E0%B9%89%E0%B8%94?_st=cD0xMDtiPTg4MTY7YWQ9ZmFsc2U7dD0xNzI1OTAwNDcxNTUzO3JpPTFYN2I1bmhvWXptbXM2M1IwQ09RWDhZaW5sY1VqYjtpPTFYNzBaN1RQNXpjd2tTbWFKRGZVVlhVWUxXakpKVzt3cmVmPXNyOw%3D%3D,"['อาหารทะเล', 'อาหารไทย', 'ร้านริมน้ำ']",[],,[''],[],{},{},,0,0,,,,,0,0,0,0,0
Casa tua bakery&bistrot,-,https://www.wongnai.com/restaurants/2181420no-casa-tua-bakery-bistrot?_st=cD0xO2I9MjE4MTQyMDthZD1mYWxzZTt0PTE3MjU5MDA2OTQ2MDQ7cmk9MVg3YjVuaUdjakpZUWphbkgwMzA3ZWE3SnZabjdIO2k9MVg3MFo3VHIzWW42NDZDdGY1aElSZnAwakpBMFFDO3dyZWY9c3I7,['คาเฟ่'],[],,[''],[],{},{},,0,0,,,,,0,0,0,0,0
Acqua,,https://www.wongnai.com/restaurants/159275YB-acqua?_st=cD0yO2I9MTU5Mjc1O2FkPWZhbHNlO3Q9MTcyNTkwMDY5NDYxMjtyaT0xWDdiNW5pR2FnWklmdmxEVnBLNFRuZXlFTGNOZG47aT0xWDcwWjdUcjNZbjY0NkN0ZjVoSVJmcDBqSkEwUUM7d3JlZj1zcjs%3D,['อาหารอิตาเลียน'],[],,[''],[],{},{},,0,0,,,,,0,0,0,0,0
คุณภา ซีฟู้ด (Khun Pha Seafood),,https://www.wongnai.com/restaurants/19910VY-%E0%B8%84%E0%B8%B8%E0%B8%93%E0%B8%A0%E0%B8%B2-%E0%B8%8B%E0%B8%B5%E0%B8%9F%E0%B8%B9%E0%B9%89%E0%B8%94-khun-pha-seafood?_st=cD0zO2I9MTk5MTA7YWQ9ZmFsc2U7dD0xNzI1OTAwNjk0NjEyO3JpPTFYN2I1bmlHYWNtelgwSUk0QkE3MlYxUFZVd0lHbztpPTFYNzBaN1RyM1luNjQ2Q3RmNWhJUmZwMGpKQTBRQzt3cmVmPXNyOw%3D%3D,"['อาหารไทย', 'อาหารทะเล']",[],,[''],[],{},{},,0,0,,,,,0,0,0,0,0
Roof Cafe Rawai,-,https://www.wongnai.com/restaurants/571782YU-roof-cafe-rawai?_st=cD00O2I9NTcxNzgyO2FkPWZhbHNlO3Q9MTcyNTkwMDY5NDYxNDtyaT0xWDdiNW5pR2VZMm5EdWJPd1k3SFhtbUg0SURBNVE7aT0xWDcwWjdUcjNZbjY0NkN0ZjVoSVJmcDBqSkEwUUM7d3JlZj1zcjs%3D,['คาเฟ่'],[],,[''],[],{},{},,0,0,,,,,0,0,0,0,0
HAVE A BAGEL DAY,-,https://www.wongnai.com/restaurants/2057069eY-have-a-bagel-day?_st=cD01O2I9MjA1NzA2OTthZD1mYWxzZTt0PTE3MjU5MDA2OTQ2MTU7cmk9MVg3YjVuaUdZMlZra29JTlBLaFRDa1dJaTZHWWpRO2k9MVg3MFo3VHIzWW42NDZDdGY1aElSZnAwakpBMFFDO3dyZWY9c3I7,['อาหารอเมริกัน'],[],,[''],[],{},{},,0,0,,,,,0,0,0,0,0
ตะเกียบทอง ภูเก็ต,1,https://www.wongnai.com/restaurants/745572AZ-%E0%B8%95%E0%B8%B0%E0%B9%80%E0%B8%81%E0%B8%B5%E0%B8%A2%E0%B8%9A%E0%B8%97%E0%B8%AD%E0%B8%87-%E0%B8%A0%E0%B8%B9%E0%B9%80%E0%B8%81%E0%B9%87%E0%B8%95-1?_st=cD02O2I9NzQ1NTcyO2FkPWZhbHNlO3Q9MTcyNTkwMDY5NDYxNTtyaT0xWDdiNW5pR2Fib3JKWmUwQ2huemVMNHhQQVFTcWI7aT0xWDcwWjdUcjNZbjY0NkN0ZjVoSVJmcDBqSkEwUUM7d3JlZj1zcjs%3D,['อาหารไทย'],[],,[''],[],{},{},,0,0,,,,,0,0,0,0,0
TERA Boulanger,Dibuk Road,https://www.wongnai.com/restaurants/913084MI-tera-boulanger-dibuk-road?_st=cD03O2I9OTEzMDg0O2FkPWZhbHNlO3Q9MTcyNTkwMDY5NDYxNjtyaT0xWDdiNW5pR1hrU1lCa2plbmtMTDNyTDlrREd4ZVc7aT0xWDcwWjdUcjNZbjY0NkN0ZjVoSVJmcDBqSkEwUUM7d3JlZj1zcjs%3D,"['คาเฟ่', 'เบเกอรี/เค้ก']",[],,[''],[],{},{},,0,0,,,,,0,0,0,0,0
Pizza Hut,โกรเซอรี่ภูเก็ต,https://www.wongnai.com/restaurants/296104Jb-pizza-hut-%E0%B9%82%E0%B8%81%E0%B8%A3%E0%B9%80%E0%B8%8B%E0%B8%AD%E0%B8%A3%E0%B8%B5%E0%B9%88%E0%B8%A0%E0%B8%B9%E0%B9%80%E0%B8%81%E0%B9%87%E0%B8%95?_st=cD04O2I9Mjk2MTA0O2FkPWZhbHNlO3Q9MTcyNTkwMDY5NDYxNjtyaT0xWDdiNW5pR2Fpb0c4RTdIeTVYaUltcE1IMHc2QXQ7aT0xWDcwWjdUcjNZbjY0NkN0ZjVoSVJmcDBqSkEwUUM7d3JlZj1zcjs%3D,"['พิซซ่า', 'ฟาสต์ฟู้ด/จานด่วน']",[],,[''],[],{},{},,0,0,,,,,0,0,0,0,0
ร้านส้มตำโกแซ่บ,,https://www.wongnai.com/restaurants/1020672vI-%E0%B8%A3%E0%B9%89%E0%B8%B2%E0%B8%99%E0%B8%AA%E0%B9%89%E0%B8%A1%E0%B8%95%E0%B8%B3%E0%B9%82%E0%B8%81%E0%B9%81%E0%B8%8B%E0%B9%88%E0%B8%9A?_st=cD05O2I9MTAyMDY3MjthZD1mYWxzZTt0PTE3MjU5MDA2OTQ2MTY7cmk9MVg3YjVuaUdhbW9JbmJsSUNjWHlUOHd2YjYxbm5vO2k9MVg3MFo3VHIzWW42NDZDdGY1aElSZnAwakpBMFFDO3dyZWY9c3I7,['อาหารอีสาน/ร้านส้มตำ'],[],,[''],[],{},{},,0,0,,,,,0,0,0,0,0
เดอะ ฌาร์ม ภูเก็ต,,https://www.wongnai.com/restaurants/323187VD-%E0%B9%80%E0%B8%94%E0%B8%AD%E0%B8%B0-%E0%B8%8C%E0%B8%B2%E0%B8%A3%E0%B9%8C%E0%B8%A1-%E0%B8%A0%E0%B8%B9%E0%B9%80%E0%B8%81%E0%B9%87%E0%B8%95?_st=cD0xMDtiPTMyMzE4NzthZD1mYWxzZTt0PTE3MjU5MDA2OTQ2MTc7cmk9MVg3YjVuaUdjZm5VN3draTk0TUQ1MURta0RramxpO2k9MVg3MFo3VHIzWW42NDZDdGY1aElSZnAwakpBMFFDO3dyZWY9c3I7,"['อาหารใต้', 'อาหารไทย']",[],,[''],[],{},{},,0,0,,,,,0,0,0,0,0
เอ็มบี ออลล์ ซีฟู้ด,ภูเก็ต,https://www.wongnai.com/restaurants/mballseafood?_st=cD0wO2I9MjQ0MzM1NzthZD10cnVlO3Q9MTcyNTkwMTU2NDE4MjtyaT0xWDdiNW5rMXNQTWZ0ejlBeEE1RmlTQ0E3N25YNVQ7aT0xWDcwWjdWY1NYRmp4Y2hCb2V3enFtTXFGVlZhZWo7d3JlZj1zcjs%3D,"['อาหารทะเล', 'อาหารจานเดียว', 'ร้านข้าวต้ม']",[],,[''],[],{},{},,0,0,,,,,0,0,0,0,0
L'Arôme by the sea,,https://www.wongnai.com/restaurants/926669HN-l-ar%C3%B4me-by-the-sea?_st=cD0xO2I9OTI2NjY5O2FkPWZhbHNlO3Q9MTcyNTkwMTU2NDE5NDtyaT0xWDdiNW5rMXNtb3ZqR3JZVk5IS2JpUThSUEdLWDg7aT0xWDcwWjdWY1NYRmp4Y2hCb2V3enFtTXFGVlZhZWo7d3JlZj1zcjs%3D,"['อาหารนานาชาติ', 'อาหารฝรั่งเศส', 'อาหารฟิวชั่น']",[],,[''],[],{},{},,0,0,,,,,0,0,0,0,0
แพครูวิทย์,สาขา 1,https://www.wongnai.com/restaurants/7531Rl-%E0%B9%81%E0%B8%9E%E0%B8%84%E0%B8%A3%E0%B8%B9%E0%B8%A7%E0%B8%B4%E0%B8%97%E0%B8%A2%E0%B9%8C-%E0%B8%AA%E0%B8%B2%E0%B8%82%E0%B8%B2-1?_st=cD0yO2I9NzUzMTthZD1mYWxzZTt0PTE3MjU5MDE1NjQxOTQ7cmk9MVg3YjVuazF0bzM5V1hHMm9oZVZtVW10V2l2MUNsO2k9MVg3MFo3VmNTWEZqeGNoQm9ld3pxbU1xRlZWYWVqO3dyZWY9c3I7,"['อาหารทะเล', 'อาหารไทย']",[],,[''],[],{},{},,0,0,,,,,0,0,0,0,0
DIBUKA Cafe & Restaurant,,https://www.wongnai.com/restaurants/281018ap-dibuka-cafe-restaurant?_st=cD0zO2I9MjgxMDE4O2FkPWZhbHNlO3Q9MTcyNTkwMTU2NDE5NTtyaT0xWDdiNW5rMXRlVjhISUo4NE9neHRqcGZlYldTNDI7aT0xWDcwWjdWY1NYRmp4Y2hCb2V3enFtTXFGVlZhZWo7d3JlZj1zcjs%3D,"['กึ่งผับ/ร้านเหล้า/บาร์', 'อาหารฟิวชั่น']",[],,[''],[],{},{},,0,0,,,,,0,0,0,0,0
หนัง(สือ) ๒๕๒๑,,https://www.wongnai.com/restaurants/11741WB-%E0%B8%AB%E0%B8%99%E0%B8%B1%E0%B8%87-%E0%B8%AA%E0%B8%B7%E0%B8%AD-%E0%B9%92%E0%B9%95%E0%B9%92%E0%B9%91?_st=cD00O2I9MTE3NDE7YWQ9ZmFsc2U7dD0xNzI1OTAxNTY0MTk2O3JpPTFYN2I1bmsxc0JrQjMzWm94ZUU2b1pzY2dneWhuVTtpPTFYNzBaN1ZjU1hGanhjaEJvZXd6cW1NcUZWVmFlajt3cmVmPXNyOw%3D%3D,"['ร้านกาแฟ/ชา', 'คาเฟ่', 'เบเกอรี/เค้ก']",[],,[''],[],{},{},,0,0,,,,,0,0,0,0,0
Green Tamarind Kitchen,,https://www.wongnai.com/restaurants/269621vO-green-tamarind-kitchen?_st=cD01O2I9MjY5NjIxO2FkPWZhbHNlO3Q9MTcyNTkwMTU2NDE5NjtyaT0xWDdiNW5rMXZwNGdGdkZib3pRSkxQZHl3czN0MnU7aT0xWDcwWjdWY1NYRmp4Y2hCb2V3enFtTXFGVlZhZWo7d3JlZj1zcjs%3D,"['อาหารอเมริกัน', 'อาหารไทย']",[],,[''],[],{},{},,0,0,,,,,0,0,0,0,0
Wyndows Cafe,,https://www.wongnai.com/restaurants/2301955kY-wyndows-cafe?_st=cD02O2I9MjMwMTk1NTthZD1mYWxzZTt0PTE3MjU5MDE1NjQxOTY7cmk9MVg3YjVuazF4bGZ2ZmJYeE9NQlZwcGpDMXUwd3BkO2k9MVg3MFo3VmNTWEZqeGNoQm9ld3pxbU1xRlZWYWVqO3dyZWY9c3I7,['คาเฟ่'],[],,[''],[],{},{},,0,0,,,,,0,0,0,0,0
La Gaetana,,https://www.wongnai.com/restaurants/131952ur-la-gaetana?_st=cD03O2I9MTMxOTUyO2FkPWZhbHNlO3Q9MTcyNTkwMTU2NDE5NztyaT0xWDdiNW5rMXVrc29iRldoakdhNm0wb3lJMnJ2TTI7aT0xWDcwWjdWY1NYRmp4Y2hCb2V3enFtTXFGVlZhZWo7d3JlZj1zcjs%3D,"['อาหารอิตาเลียน', 'ของหวาน']",[],,[''],[],{},{},,0,0,,,,,0,0,0,0,0
Bake Phuket,เชิงทะเล,https://www.wongnai.com/restaurants/12329Bc-bake-phuket-%E0%B9%80%E0%B8%8A%E0%B8%B4%E0%B8%87%E0%B8%97%E0%B8%B0%E0%B9%80%E0%B8%A5?_st=cD04O2I9MTIzMjk7YWQ9ZmFsc2U7dD0xNzI1OTAxNTY0MTk3O3JpPTFYN2I1bmsxeDU0bDFFcVFKbkRXZHppM3RPQm43cjtpPTFYNzBaN1ZjU1hGanhjaEJvZXd6cW1NcUZWVmFlajt3cmVmPXNyOw%3D%3D,"['ร้านกาแฟ/ชา', 'อาหารนานาชาติ', 'เบเกอรี/เค้ก']",[],,[''],[],{},{},,0,0,,,,,0,0,0,0,0
Drop Espresso,กะทู้,https://www.wongnai.com/restaurants/380929BD-drop-espresso-kathu?_st=cD05O2I9MzgwOTI5O2FkPWZhbHNlO3Q9MTcyNTkwMTU2NDE5NztyaT0xWDdiNW5rMXd3a0hSMmZrUFR2WDlsYVNZUmxwUzA7aT0xWDcwWjdWY1NYRmp4Y2hCb2V3enFtTXFGVlZhZWo7d3JlZj1zcjs%3D,"['อาหารฟิวชั่น', 'ร้านกาแฟ/ชา', 'เบเกอรี/เค้ก']",[],,[''],[],{},{},,0,0,,,,,0,0,0,0,0
เอียบ ติ่มซำ,ภูเก็ต,https://www.wongnai.com/restaurants/370343hh-%E0%B9%80%E0%B8%AD%E0%B8%B5%E0%B8%A2%E0%B8%9A-%E0%B8%95%E0%B8%B4%E0%B9%88%E0%B8%A1%E0%B8%8B%E0%B8%B3-%E0%B8%A0%E0%B8%B9%E0%B9%80%E0%B8%81%E0%B9%87%E0%B8%95?_st=cD0xMDtiPTM3MDM0MzthZD1mYWxzZTt0PTE3MjU5MDE1NjQxOTg7cmk9MVg3YjVuazFzMTdKZXZ5ZTRJenBrRG55U1N1NFFzO2k9MVg3MFo3VmNTWEZqeGNoQm9ld3pxbU1xRlZWYWVqO3dyZWY9c3I7,"['อาหารเช้า', 'อาหารจานเดียว', 'ติ่มซำ']",[],,[''],[],{},{},,0,0,,,,,0,0,0,0,0
ขนมจีนป้ามัย,,https://www.wongnai.com/restaurants/110265jm-%E0%B8%82%E0%B8%99%E0%B8%A1%E0%B8%88%E0%B8%B5%E0%B8%99%E0%B8%9B%E0%B9%89%E0%B8%B2%E0%B8%A1%E0%B8%B1%E0%B8%A2?_st=cD0xO2I9MTEwMjY1O2FkPWZhbHNlO3Q9MTcyNTkwMTgyMTkwMztyaT0xWDdiNW5rWUFHVkhpanZGa2VUTlJKS1lNUUhMNmk7aT0xWDcwWjdXOGs4eThKUXNhQUZIdmtWNlRQWTMxc3I7d3JlZj1zcjs%3D,['อาหารจานเดียว'],[],,[''],[],{},{},,0,0,,,,,0,0,0,0,0
Paradai Phuket Craft Chocolate,-,https://www.wongnai.com/restaurants/2065837gt-paradai-phuket-craft-chocolate?_st=cD0yO2I9MjA2NTgzNzthZD1mYWxzZTt0PTE3MjU5MDE4MjE5MDQ7cmk9MVg3YjVua1lCSVVpZDQ5Q1FvY01lR2ltQk1PbHJ0O2k9MVg3MFo3VzhrOHk4SlFzYUFGSHZrVjZUUFkzMXNyO3dyZWY9c3I7,['คาเฟ่'],[],,[''],[],{},{},,0,0,,,,,0,0,0,0,0
Catch Beach Club,,https://www.wongnai.com/restaurants/catchbeachclub?_st=cD0zO2I9MTM3MjU1O2FkPWZhbHNlO3Q9MTcyNTkwMTgyMTkwODtyaT0xWDdiNW5rWUVBOTFEYVpLazh4Y2FRdE50dTd0YUE7aT0xWDcwWjdXOGs4eThKUXNhQUZIdmtWNlRQWTMxc3I7d3JlZj1zcjs%3D,['กึ่งผับ/ร้านเหล้า/บาร์'],[],,[''],[],{},{},,0,0,,,,,0,0,0,0,0
Little Edo Phuket,ลิตเติ้ล เอโดะ,https://www.wongnai.com/restaurants/724575pS-little-edo-phuket-%E0%B8%A5%E0%B8%B4%E0%B8%95%E0%B9%80%E0%B8%95%E0%B8%B4%E0%B9%89%E0%B8%A5-%E0%B9%80%E0%B8%AD%E0%B9%82%E0%B8%94%E0%B8%B0?_st=cD00O2I9NzI0NTc1O2FkPWZhbHNlO3Q9MTcyNTkwMTgyMTkwODtyaT0xWDdiNW5rWUY0MDFXbkF1OUxVNmRRaHpkRTd6VW47aT0xWDcwWjdXOGs4eThKUXNhQUZIdmtWNlRQWTMxc3I7d3JlZj1zcjs%3D,"['อาหารญี่ปุ่น', 'ชาบู/สุกี้ยากี้/หม้อไฟ', 'ซูชิ']",[],,[''],[],{},{},,0,0,,,,,0,0,0,0,0
KIN • KUB • CHEF (กิน • กับ • เชฟ),KIN • KUB • CHEF (กิน • กับ • เชฟ),https://www.wongnai.com/restaurants/670344vP-kin-kub-chef-%E0%B8%81%E0%B8%B4%E0%B8%99-%E0%B8%81%E0%B8%B1%E0%B8%9A-%E0%B9%80%E0%B8%8A%E0%B8%9F-kin-kub-chef-%E0%B8%81%E0%B8%B4%E0%B8%99-%E0%B8%81%E0%B8%B1%E0%B8%9A-%E0%B9%80%E0%B8%8A%E0%B8%9F?_st=cD01O2I9NjcwMzQ0O2FkPWZhbHNlO3Q9MTcyNTkwMTgyMTkwODtyaT0xWDdiNW5rWUZMeHdDNlRTUUNSQk1QRnNtQkhjbHk7aT0xWDcwWjdXOGs4eThKUXNhQUZIdmtWNlRQWTMxc3I7d3JlZj1zcjs%3D,"['สเต๊ก', 'อาหารจานเดียว', 'อาหารไทย']",[],,[''],[],{},{},,0,0,,,,,0,0,0,0,0
UMAI-Teahouse Phuket,,https://www.wongnai.com/restaurants/2461390Rd-umai-teahouse-phuket,['อาหารนานาชาติ'],[],,[''],[],{},{},,0,0,,,,,0,0,0,0,0
Slumberland brunch n beans,-,https://www.wongnai.com/restaurants/2249428Jf-slumberland-brunch-n-beans?_st=cD03O2I9MjI0OTQyODthZD1mYWxzZTt0PTE3MjU5MDE4MjE5MDk7cmk9MVg3YjVua1lEYXpaWTQwTmlqMW96d25wdVJhcUdMO2k9MVg3MFo3VzhrOHk4SlFzYUFGSHZrVjZUUFkzMXNyO3dyZWY9c3I7,['คาเฟ่'],[],,[''],[],{},{},,0,0,,,,,0,0,0,0,0
เฮง เฮง แต่เตี้ยม,ภูเก็ต,https://www.wongnai.com/restaurants/hengheng-taetium?_st=cD04O2I9MjYzOTU7YWQ9ZmFsc2U7dD0xNzI1OTAxODIxOTIzO3JpPTFYN2I1bmtZRXk1QmlYZ1ZOVWlVNFFJSlhvZWgycjtpPTFYNzBaN1c4azh5OEpRc2FBRkh2a1Y2VFBZMzFzcjt3cmVmPXNyOw%3D%3D,"['ติ่มซำ', 'อาหารจีน', 'อาหารเช้า']",[],,[''],[],{},{},,0,0,,,,,0,0,0,0,0
Five Star,โลตัส โกเฟรช เจ้าฟ้า,https://www.wongnai.com/restaurants/2195041oc-five-star-%E0%B9%82%E0%B8%A5%E0%B8%95%E0%B8%B1%E0%B8%AA-%E0%B9%82%E0%B8%81%E0%B9%80%E0%B8%9F%E0%B8%A3%E0%B8%8A-%E0%B9%80%E0%B8%88%E0%B9%89%E0%B8%B2%E0%B8%9F%E0%B9%89%E0%B8%B2?_st=cD05O2I9MjE5NTA0MTthZD1mYWxzZTt0PTE3MjU5MDE4MjE5MjU7cmk9MVg3YjVua1lGemxJd1c4VmFKeHZMTFB0SXJJRGdDO2k9MVg3MFo3VzhrOHk4SlFzYUFGSHZrVjZUUFkzMXNyO3dyZWY9c3I7,"['ปิ้งย่าง', 'สตรีทฟู้ด/รถเข็น']",[],,[''],[],{},{},,0,0,,,,,0,0,0,0,0
ชิกกี่เป็ดย่างภูเก็ต พ.ศ.2537,ถนนเยาวราช ภูเก็ต,https://www.wongnai.com/restaurants/1252802Fa-%E0%B8%8A%E0%B8%B4%E0%B8%81%E0%B8%81%E0%B8%B5%E0%B9%88%E0%B9%80%E0%B8%9B%E0%B9%87%E0%B8%94%E0%B8%A2%E0%B9%88%E0%B8%B2%E0%B8%87%E0%B8%A0%E0%B8%B9%E0%B9%80%E0%B8%81%E0%B9%87%E0%B8%95-%E0%B8%9E-%E0%B8%A8-2537-%E0%B8%96%E0%B8%99%E0%B8%99%E0%B9%80%E0%B8%A2%E0%B8%B2%E0%B8%A7%E0%B8%A3%E0%B8%B2%E0%B8%8A-%E0%B8%A0%E0%B8%B9%E0%B9%80%E0%B8%81%E0%B9%87%E0%B8%95?_st=cD0xMDtiPTEyNTI4MDI7YWQ9ZmFsc2U7dD0xNzI1OTAxODIxOTI1O3JpPTFYN2I1bmtZRk84T3RYOFJoQVhYUG9GVjhQcDZMWDtpPTFYNzBaN1c4azh5OEpRc2FBRkh2a1Y2VFBZMzFzcjt3cmVmPXNyOw%3D%3D,['อาหารจีน'],[],,[''],[],{},{},,0,0,,,,,0,0,0,0,0
The Smokaccia,,https://www.wongnai.com/restaurants/1648546LT-the-smokaccia?_st=cD0xO2I9MTY0ODU0NjthZD1mYWxzZTt0PTE3MjU5MDIxMzg0ODQ7cmk9MVg3YjVubEM3SUVhNzlnVktRQjdmc290cDNXWGZ5O2k9MVg3MFo3V21XdGhkYmVLZ2R3MGRoV0plM09Ic3RWO3dyZWY9c3I7,"['อาหารอิตาเลียน', 'อาหารนานาชาติ']",[],,[''],[],{},{},,0,0,,,,,0,0,0,0,0
บ้านเบียร์ภูเก็ต - ถนนวิชิตสงคราม,,https://www.wongnai.com/restaurants/2534611Wq-%E0%B8%9A%E0%B9%89%E0%B8%B2%E0%B8%99%E0%B9%80%E0%B8%9A%E0%B8%B5%E0%B8%A2%E0%B8%A3%E0%B9%8C%E0%B8%A0%E0%B8%B9%E0%B9%80%E0%B8%81%E0%B9%87%E0%B8%95-%E0%B8%96%E0%B8%99%E0%B8%99%E0%B8%A7%E0%B8%B4%E0%B8%8A%E0%B8%B4%E0%B8%95%E0%B8%AA%E0%B8%87%E0%B8%84%E0%B8%A3%E0%B8%B2%E0%B8%A1?_st=cD0yO2I9MjUzNDYxMTthZD1mYWxzZTt0PTE3MjU5MDIxMzg1MDI7cmk9MVg3YjVubEMyb2d6ZnhnaVl2VTJBdHo2TENDZEdtO2k9MVg3MFo3V21XdGhkYmVLZ2R3MGRoV0plM09Ic3RWO3dyZWY9c3I7,['อาหารตามสั่ง'],[],,[''],[],{},{},,0,0,,,,,0,0,0,0,0
โอวต้าวจี้เปี่ยน,,https://www.wongnai.com/restaurants/110278iH-%E0%B9%82%E0%B8%AD%E0%B8%A7%E0%B8%95%E0%B9%89%E0%B8%B2%E0%B8%A7%E0%B8%88%E0%B8%B5%E0%B9%89%E0%B9%80%E0%B8%9B%E0%B8%B5%E0%B9%88%E0%B8%A2%E0%B8%99?_st=cD0zO2I9MTEwMjc4O2FkPWZhbHNlO3Q9MTcyNTkwMjEzODUwNDtyaT0xWDdiNW5sQzJ1VkFFWUkyTHRDaHBXVXJZTFNoNHU7aT0xWDcwWjdXbVd0aGRiZUtnZHcwZGhXSmUzT0hzdFY7d3JlZj1zcjs%3D,"['อาหารจีน', 'สตรีทฟู้ด/รถเข็น']",[],,[''],[],{},{},,0,0,,,,,0,0,0,0,0
กล้วยน้ำว้า,สะพานหิน,https://www.wongnai.com/restaurants/355518Ov-%E0%B8%81%E0%B8%A5%E0%B9%89%E0%B8%A7%E0%B8%A2%E0%B8%99%E0%B9%89%E0%B8%B3%E0%B8%A7%E0%B9%89%E0%B8%B2-%E0%B8%AA%E0%B8%B0%E0%B8%9E%E0%B8%B2%E0%B8%99%E0%B8%AB%E0%B8%B4%E0%B8%99?_st=cD00O2I9MzU1NTE4O2FkPWZhbHNlO3Q9MTcyNTkwMjEzODUwNjtyaT0xWDdiNW5sQzZ4Z0tuRkFtQnVQaWtjWEJ6dnRla2k7aT0xWDcwWjdXbVd0aGRiZUtnZHcwZGhXSmUzT0hzdFY7d3JlZj1zcjs%3D,"['อาหารไทย', 'ร้านกาแฟ/ชา', 'เบเกอรี/เค้ก']",[],,[''],[],{},{},,0,0,,,,,0,0,0,0,0
ครัวบ้านปลาทอง,,https://www.wongnai.com/restaurants/1152821ev-%E0%B8%84%E0%B8%A3%E0%B8%B1%E0%B8%A7%E0%B8%9A%E0%B9%89%E0%B8%B2%E0%B8%99%E0%B8%9B%E0%B8%A5%E0%B8%B2%E0%B8%97%E0%B8%AD%E0%B8%87?_st=cD01O2I9MTE1MjgyMTthZD1mYWxzZTt0PTE3MjU5MDIxMzg1MDc7cmk9MVg3YjVubEM2dE44cHE1NWI2bjI0MkltQ0NSVUFUO2k9MVg3MFo3V21XdGhkYmVLZ2R3MGRoV0plM09Ic3RWO3dyZWY9c3I7,"['อาหารตามสั่ง', 'อาหารไทย']",[],,[''],[],{},{},,0,0,,,,,0,0,0,0,0
คุณจี๊ดราดหน้ายอดผัก ร้านใหม่,,https://www.wongnai.com/restaurants/2582410Zo-%E0%B8%84%E0%B8%B8%E0%B8%93%E0%B8%88%E0%B8%B5%E0%B9%8A%E0%B8%94%E0%B8%A3%E0%B8%B2%E0%B8%94%E0%B8%AB%E0%B8%99%E0%B9%89%E0%B8%B2%E0%B8%A2%E0%B8%AD%E0%B8%94%E0%B8%9C%E0%B8%B1%E0%B8%81-%E0%B8%A3%E0%B9%89%E0%B8%B2%E0%B8%99%E0%B9%83%E0%B8%AB%E0%B8%A1%E0%B9%88?_st=cD02O2I9MjU4MjQxMDthZD1mYWxzZTt0PTE3MjU5MDIxMzg1MTA7cmk9MVg3YjVubEM2dHBmWDAxOEFodDdCUWhRb3JPaG1EO2k9MVg3MFo3V21XdGhkYmVLZ2R3MGRoV0plM09Ic3RWO3dyZWY9c3I7,"['ก๋วยเตี๋ยว', 'สตรีทฟู้ด/รถเข็น']",[],,[''],[],{},{},,0,0,,,,,0,0,0,0,0
ครัวพระยาภูเก็ต อาหารพื้นเมือง,,https://www.wongnai.com/restaurants/329035Ho-%E0%B8%84%E0%B8%A3%E0%B8%B1%E0%B8%A7%E0%B8%9E%E0%B8%A3%E0%B8%B0%E0%B8%A2%E0%B8%B2%E0%B8%A0%E0%B8%B9%E0%B9%80%E0%B8%81%E0%B9%87%E0%B8%95-%E0%B8%AD%E0%B8%B2%E0%B8%AB%E0%B8%B2%E0%B8%A3%E0%B8%9E%E0%B8%B7%E0%B9%89%E0%B8%99%E0%B9%80%E0%B8%A1%E0%B8%B7%E0%B8%AD%E0%B8%87?_st=cD03O2I9MzI5MDM1O2FkPWZhbHNlO3Q9MTcyNTkwMjEzODUxMjtyaT0xWDdiNW5sQzRiRTNLSXhoa212UWkxazkwVlFXb0E7aT0xWDcwWjdXbVd0aGRiZUtnZHcwZGhXSmUzT0hzdFY7d3JlZj1zcjs%3D,"['อาหารตามสั่ง', 'อาหารใต้']",[],,[''],[],{},{},,0,0,,,,,0,0,0,0,0
Saranghaeyo BarBQ ซารังเฮโย บาบีคิว 사랑해요 바베큐,,https://www.wongnai.com/restaurants/2134520Hd-saranghaeyo-barbq-%E0%B8%8B%E0%B8%B2%E0%B8%A3%E0%B8%B1%E0%B8%87%E0%B9%80%E0%B8%AE%E0%B9%82%E0%B8%A2-%E0%B8%9A%E0%B8%B2%E0%B8%9A%E0%B8%B5%E0%B8%84%E0%B8%B4%E0%B8%A7-%EC%82%AC%EB%9E%91%ED%95%B4%EC%9A%94-%EB%B0%94%EB%B2%A0%ED%81%90?_st=cD04O2I9MjEzNDUyMDthZD1mYWxzZTt0PTE3MjU5MDIxMzg1MTM7cmk9MVg3YjVubEM3SGlYdVczd01wUkh0aDRPQ2JpNU1YO2k9MVg3MFo3V21XdGhkYmVLZ2R3MGRoV0plM09Ic3RWO3dyZWY9c3I7,"['ปิ้งย่าง', 'อาหารเกาหลี']",[],,[''],[],{},{},,0,0,,,,,0,0,0,0,0
The Playyard,-,https://www.wongnai.com/restaurants/2492890Nr-the-playyard?_st=cD05O2I9MjQ5Mjg5MDthZD1mYWxzZTt0PTE3MjU5MDIxMzg1MTU7cmk9MVg3YjVubEMzSlV3MGlLcFozdGVsZUZNc3JJUWxTO2k9MVg3MFo3V21XdGhkYmVLZ2R3MGRoV0plM09Ic3RWO3dyZWY9c3I7,['ร้านริมน้ำ'],[],,[''],[],{},{},,0,0,,,,,0,0,0,0,0
โกปี้เตี่ยม บาย วิไล - Kopitiam by Wilai,,https://www.wongnai.com/restaurants/26236Dt-%E0%B9%82%E0%B8%81%E0%B8%9B%E0%B8%B5%E0%B9%89%E0%B9%80%E0%B8%95%E0%B8%B5%E0%B9%88%E0%B8%A2%E0%B8%A1-%E0%B8%9A%E0%B8%B2%E0%B8%A2-%E0%B8%A7%E0%B8%B4%E0%B9%84%E0%B8%A5-kopitiam-by-wilai?_st=cD0xMDtiPTI2MjM2O2FkPWZhbHNlO3Q9MTcyNTkwMjEzODUxODtyaT0xWDdiNW5sQzQ4NmpMelJlTTMxa3ZZeWZWdlVTd3U7aT0xWDcwWjdXbVd0aGRiZUtnZHcwZGhXSmUzT0hzdFY7d3JlZj1zcjs%3D,"['คาเฟ่', 'อาหารจีน', 'อาหารไทย']",[],,[''],[],{},{},,0,0,,,,,0,0,0,0,0
นามิ ซูชิ - Nami Sushi Phuket,,https://www.wongnai.com/restaurants/2631372Rg-%E0%B8%99%E0%B8%B2%E0%B8%A1%E0%B8%B4-%E0%B8%8B%E0%B8%B9%E0%B8%8A%E0%B8%B4-nami-sushi-phuket?_st=cD0wO2I9MjYzMTM3MjthZD10cnVlO3Q9MTcyNTkwMjUxMDY4NDtyaT0xWDdiNW5sd284NzRkeGdId3FzcVMxS0VnVFJieWk7aT0xWDcwWjdYWEhTc1YwOHVSNFVON1EzdERSbkN2dVI7d3JlZj1zcjs%3D,['อาหารญี่ปุ่น'],[],,[''],[],{},{},,0,0,,,,,0,0,0,0,0
Jaras,,https://www.wongnai.com/restaurants/505859HX-jaras?_st=cD0xO2I9NTA1ODU5O2FkPWZhbHNlO3Q9MTcyNTkwMjUxMDY5NTtyaT0xWDdiNW5sd3Bid0RmTzM4T0VwQlZ2UTlpMXJ6V3M7aT0xWDcwWjdYWEhTc1YwOHVSNFVON1EzdERSbkN2dVI7d3JlZj1zcjs%3D,"['อาหารไทย', 'อาหารใต้', 'อาหารฟิวชั่น']",[],,[''],[],{},{},,0,0,,,,,0,0,0,0,0
Sushi Paradise,,https://www.wongnai.com/restaurants/1135584EX-sushi-paradise?_st=cD0yO2I9MTEzNTU4NDthZD1mYWxzZTt0PTE3MjU5MDI1MTA2OTY7cmk9MVg3YjVubHdvWTJGNWx5a2prT29OMEh3WW11ajFjO2k9MVg3MFo3WFhIU3NWMDh1UjRVTjdRM3REUm5DdnVSO3dyZWY9c3I7,['อาหารญี่ปุ่น'],[],,[''],[],{},{},,0,0,,,,,0,0,0,0,0
ขนมจีนแม่ติ่ง,,https://www.wongnai.com/restaurants/513147Ik-%E0%B8%82%E0%B8%99%E0%B8%A1%E0%B8%88%E0%B8%B5%E0%B8%99%E0%B9%81%E0%B8%A1%E0%B9%88%E0%B8%95%E0%B8%B4%E0%B9%88%E0%B8%87?_st=cD0zO2I9NTEzMTQ3O2FkPWZhbHNlO3Q9MTcyNTkwMjUxMDY5NztyaT0xWDdiNW5sd2w2UE5wSXE3WVYyTzZJOER6NDM4MnY7aT0xWDcwWjdYWEhTc1YwOHVSNFVON1EzdERSbkN2dVI7d3JlZj1zcjs%3D,"['อาหารจานเดียว', 'อาหารไทย']",[],,[''],[],{},{},,0,0,,,,,0,0,0,0,0
ส้มตำ ยำ เผา,กะหลิม (ป่าตอง),https://www.wongnai.com/restaurants/233738qo-%E0%B8%AA%E0%B9%89%E0%B8%A1%E0%B8%95%E0%B8%B3-%E0%B8%A2%E0%B8%B3-%E0%B9%80%E0%B8%9C%E0%B8%B2-%E0%B8%81%E0%B8%B0%E0%B8%AB%E0%B8%A5%E0%B8%B4%E0%B8%A1-%E0%B8%9B%E0%B9%88%E0%B8%B2%E0%B8%95%E0%B8%AD%E0%B8%87?_st=cD00O2I9MjMzNzM4O2FkPWZhbHNlO3Q9MTcyNTkwMjUxMDY5ODtyaT0xWDdiNW5sd2tsYkpqZUloMUptMWt5V1ZyTDFyVEg7aT0xWDcwWjdYWEhTc1YwOHVSNFVON1EzdERSbkN2dVI7d3JlZj1zcjs%3D,"['อาหารทะเล', 'อาหารอีสาน/ร้านส้มตำ', 'อาหารไทย']",[],,[''],[],{},{},,0,0,,,,,0,0,0,0,0
นานามิ ยากินิกุ ภูเก็ต,,https://www.wongnai.com/restaurants/654980qg-%E0%B8%99%E0%B8%B2%E0%B8%99%E0%B8%B2%E0%B8%A1%E0%B8%B4-%E0%B8%A2%E0%B8%B2%E0%B8%81%E0%B8%B4%E0%B8%99%E0%B8%B4%E0%B8%81%E0%B8%B8-%E0%B8%A0%E0%B8%B9%E0%B9%80%E0%B8%81%E0%B9%87%E0%B8%95?_st=cD01O2I9NjU0OTgwO2FkPWZhbHNlO3Q9MTcyNTkwMjUxMDY5ODtyaT0xWDdiNW5sd3FzTDNheWIxU1N4Wmdma2lERXZid1E7aT0xWDcwWjdYWEhTc1YwOHVSNFVON1EzdERSbkN2dVI7d3JlZj1zcjs%3D,['อาหารญี่ปุ่น'],[],,[''],[],{},{},,0,0,,,,,0,0,0,0,0
SAVONA PHUKET,ซาโวน่า ภูเก็ต,https://www.wongnai.com/restaurants/2655263KI-savona-phuket-%E0%B8%8B%E0%B8%B2%E0%B9%82%E0%B8%A7%E0%B8%99%E0%B9%88%E0%B8%B2-%E0%B8%A0%E0%B8%B9%E0%B9%80%E0%B8%81%E0%B9%87%E0%B8%95?_st=cD02O2I9MjY1NTI2MzthZD1mYWxzZTt0PTE3MjU5MDI1MTA2OTk7cmk9MVg3YjVubHduR2tYZk82dW01Q0hLMG1nUnczaGpqO2k9MVg3MFo3WFhIU3NWMDh1UjRVTjdRM3REUm5DdnVSO3dyZWY9c3I7,"['อาหารอิตาเลียน', 'เครื่องดื่ม/น้ำผลไม้']",[],,[''],[],{},{},,0,0,,,,,0,0,0,0,0
The Remedy,,https://www.wongnai.com/restaurants/380030Gz-the-remedy?_st=cD03O2I9MzgwMDMwO2FkPWZhbHNlO3Q9MTcyNTkwMjUxMDY5OTtyaT0xWDdiNW5sd3M3MVhFcGFTdHVOdjBLQVVZbTRSOEc7aT0xWDcwWjdYWEhTc1YwOHVSNFVON1EzdERSbkN2dVI7d3JlZj1zcjs%3D,['คาเฟ่'],[],,[''],[],{},{},,0,0,,,,,0,0,0,0,0
Little Paris Phuket,ลากูน่า,https://www.wongnai.com/restaurants/258600Gk-little-paris-phuket-%E0%B8%A5%E0%B8%B2%E0%B8%81%E0%B8%B9%E0%B8%99%E0%B9%88%E0%B8%B2?_st=cD04O2I9MjU4NjAwO2FkPWZhbHNlO3Q9MTcyNTkwMjUxMDcwMDtyaT0xWDdiNW5sd25sZmFxQlhIZkg3MWVTVW9QSktsRUE7aT0xWDcwWjdYWEhTc1YwOHVSNFVON1EzdERSbkN2dVI7d3JlZj1zcjs%3D,"['อาหารฝรั่งเศส', 'เบเกอรี/เค้ก', 'อาหารเช้า']",[],,[''],[],{},{},,0,0,,,,,0,0,0,0,0
Mad Hog Tavern,,https://www.wongnai.com/restaurants/593026DP-mad-hog-tavern?_st=cD05O2I9NTkzMDI2O2FkPWZhbHNlO3Q9MTcyNTkwMjUxMDcwMDtyaT0xWDdiNW5sd2tuVTFZRjhIbnhYSzk2NUE0WGI5RWg7aT0xWDcwWjdYWEhTc1YwOHVSNFVON1EzdERSbkN2dVI7d3JlZj1zcjs%3D,"['อาหารนานาชาติ', 'คาเฟ่', 'พิซซ่า']",[],,[''],[],{},{},,0,0,,,,,0,0,0,0,0
Dusha Cafe' (ดูช่า คาเฟ่),Royal Phuket Marina @ Koh Kaew,https://www.wongnai.com/restaurants/2499343nJ-dusha-cafe-%E0%B8%94%E0%B8%B9%E0%B8%8A%E0%B9%88%E0%B8%B2-%E0%B8%84%E0%B8%B2%E0%B9%80%E0%B8%9F%E0%B9%88-royal-phuket-marina-koh-kaew?_st=cD0xMDtiPTI0OTkzNDM7YWQ9ZmFsc2U7dD0xNzI1OTAyNTEwNzAwO3JpPTFYN2I1bmx3a2c1VU0xV2VMUERsYTEzRGxDbEJXRjtpPTFYNzBaN1hYSFNzVjA4dVI0VU43UTN0RFJuQ3Z1Ujt3cmVmPXNyOw%3D%3D,"['คาเฟ่', 'ร้านกาแฟ/ชา', 'เครื่องดื่ม/น้ำผลไม้']",[],,[''],[],{},{},,0,0,,,,,0,0,0,0,0
